date,low,open,high,close,volume,adj_close,split_coefficient,dividend_amount,symbol
2014-03-27,552.92,568.0,568.0,558.46,13100.0,558.46,1.0,0.0,GOOG
2014-03-28,558.67,561.2,566.43,559.99,41100.0,559.99,1.0,0.0,GOOG
2014-03-31,556.93,566.89,567.0,556.97,10800.0,556.97,1.0,0.0,GOOG
2014-04-01,558.71,558.71,568.45,567.16,7900.0,567.16,1.0,0.0,GOOG
2014-04-02,562.19,565.106,604.83,567.0,146700.0,567.0,1.0,0.0,GOOG
2014-04-03,564.13,569.85,587.28,569.74,5085200.0,569.74,1.0,0.0,GOOG
2014-04-04,543.0,574.65,577.77,543.14,6351900.0,543.14,1.0,0.0,GOOG
2014-04-07,527.15,540.74,548.48,538.15,4389600.0,538.15,1.0,0.0,GOOG
2014-04-08,541.61,542.6,555.0,554.9,3142600.0,554.9,1.0,0.0,GOOG
2014-04-09,552.95,559.62,565.37,564.14,3321700.0,564.14,1.0,0.0,GOOG
2014-04-10,539.9,565.0,565.0,540.95,4025800.0,540.95,1.0,0.0,GOOG
2014-04-11,526.53,532.55,540.0,530.6,3914100.0,530.6,1.0,0.0,GOOG
2014-04-14,529.561,538.25,544.1,532.52,2568000.0,532.52,1.0,0.0,GOOG
2014-04-15,518.4601,536.82,538.45,536.44,3844500.0,536.44,1.0,0.0,GOOG
2014-04-16,540.0,543.0,557.0,556.54,4879900.0,556.54,1.0,0.0,GOOG
2014-04-17,531.15,548.81,549.5,536.1,6790900.0,536.1,1.0,0.0,GOOG
2014-04-21,525.6,536.1,536.7,528.62,2559700.0,528.62,1.0,0.0,GOOG
2014-04-22,527.51,528.64,537.23,534.81,2358900.0,534.81,1.0,0.0,GOOG
2014-04-23,526.25,533.79,533.87,526.94,2046700.0,526.94,1.0,0.0,GOOG
2014-04-24,522.12,530.07,531.65,525.16,1878000.0,525.16,1.0,0.0,GOOG
2014-04-25,515.42,522.51,524.7,516.18,2094600.0,516.18,1.0,0.0,GOOG
2014-04-28,502.8,517.18,518.6,517.15,3326400.0,517.15,1.0,0.0,GOOG
2014-04-29,516.32,516.9,529.46,527.7,2691700.0,527.7,1.0,0.0,GOOG
2014-04-30,522.52,527.6,528.0,526.66,1746400.0,526.66,1.0,0.0,GOOG
2014-05-01,523.88,527.11,532.93,531.35,1900300.0,531.35,1.0,0.0,GOOG
2014-05-02,525.61,533.76,533.9999,527.93,1683900.0,527.93,1.0,0.0,GOOG
2014-05-05,521.32,524.82,528.9,527.81,1021300.0,527.81,1.0,0.0,GOOG
2014-05-06,515.06,525.23,526.81,515.14,1684400.0,515.14,1.0,0.0,GOOG
2014-05-07,503.3,515.79,516.68,509.96,3215500.0,509.96,1.0,0.0,GOOG
2014-05-08,506.45,508.46,517.23,511.0,2015800.0,511.0,1.0,0.0,GOOG
2014-05-09,504.2,510.75,519.9,518.73,2432800.0,518.73,1.0,0.0,GOOG
2014-05-12,519.01,523.51,530.19,529.92,1907300.0,529.92,1.0,0.0,GOOG
2014-05-13,529.51,530.89,536.07,533.09,1648900.0,533.09,1.0,0.0,GOOG
2014-05-14,525.29,533.0,533.0,526.65,1188500.0,526.65,1.0,0.0,GOOG
2014-05-15,517.42,525.7,525.87,519.98,1699700.0,519.98,1.0,0.0,GOOG
2014-05-16,515.44,521.39,521.8,520.63,1481200.0,520.63,1.0,0.0,GOOG
2014-05-19,517.583,519.7,529.78,528.86,1274300.0,528.86,1.0,0.0,GOOG
2014-05-20,526.3,529.74,536.23,529.77,1779900.0,529.77,1.0,0.0,GOOG
2014-05-21,531.91,532.9,539.1828,538.94,1193000.0,538.94,1.0,0.0,GOOG
2014-05-22,540.78,541.13,547.5999,545.06,1611400.0,545.06,1.0,0.0,GOOG
2014-05-23,543.7,547.26,553.64,552.7,1926900.0,552.7,1.0,0.0,GOOG
2014-05-27,554.35,556.0,566.0,565.95,2098400.0,565.95,1.0,0.0,GOOG
2014-05-28,561.0,564.57,567.84,561.68,1647500.0,561.68,1.0,0.0,GOOG
2014-05-29,558.71,563.35,564.0,560.08,1350400.0,560.08,1.0,0.0,GOOG
2014-05-30,555.91,560.8,561.35,559.89,1766300.0,559.89,1.0,0.0,GOOG
2014-06-02,545.73,560.7,560.9,553.93,1431100.0,553.93,1.0,0.0,GOOG
2014-06-03,542.55,550.99,552.34,544.94,1861500.0,544.94,1.0,0.0,GOOG
2014-06-04,538.75,541.5,548.61,544.66,1811500.0,544.66,1.0,0.0,GOOG
2014-06-05,544.45,546.4,554.95,553.9,1684500.0,553.9,1.0,0.0,GOOG
2014-06-06,548.93,558.06,558.06,556.33,1732000.0,556.33,1.0,0.0,GOOG
2014-06-09,556.04,557.15,562.9,562.12,1463500.0,562.12,1.0,0.0,GOOG
2014-06-10,557.9,560.51,563.6,560.55,1348000.0,560.55,1.0,0.0,GOOG
2014-06-11,555.0201,558.0,559.88,558.84,1097100.0,558.84,1.0,0.0,GOOG
2014-06-12,548.46,557.3,557.99,551.35,1454500.0,551.35,1.0,0.0,GOOG
2014-06-13,545.56,552.26,552.3,551.76,1217200.0,551.76,1.0,0.0,GOOG
2014-06-16,541.52,549.26,549.62,544.28,1697900.0,544.28,1.0,0.0,GOOG
2014-06-17,539.33,544.2,545.32,543.01,1440600.0,543.01,1.0,0.0,GOOG
2014-06-18,544.0,544.86,553.56,553.37,1737000.0,553.37,1.0,0.0,GOOG
2014-06-19,548.51,554.24,555.0,554.9,2450100.0,554.9,1.0,0.0,GOOG
2014-06-20,550.3915,556.85,557.58,556.36,4496000.0,556.36,1.0,0.0,GOOG
2014-06-23,554.25,555.15,565.0,564.95,1532600.0,564.95,1.0,0.0,GOOG
2014-06-24,561.01,565.19,572.646,564.62,2201100.0,564.62,1.0,0.0,GOOG
2014-06-25,565.22,565.26,579.96,578.65,1964000.0,578.65,1.0,0.0,GOOG
2014-06-26,571.85,581.0,582.45,576.0,1737200.0,576.0,1.0,0.0,GOOG
2014-06-27,573.8,577.18,579.87,577.24,2230800.0,577.24,1.0,0.0,GOOG
2014-06-30,574.75,578.66,579.57,575.28,1310200.0,575.28,1.0,0.0,GOOG
2014-07-01,576.65,578.32,584.4,582.67,1444000.0,582.67,1.0,0.0,GOOG
2014-07-02,580.39,583.35,585.4399,582.335,1053500.0,582.335,1.0,0.0,GOOG
2014-07-03,580.92,583.35,585.01,584.73,712200.0,584.73,1.0,0.0,GOOG
2014-07-07,579.59,583.76,586.4299,582.25,1061700.0,582.25,1.0,0.0,GOOG
2014-07-08,566.135,577.66,579.5284,571.09,1904300.0,571.09,1.0,0.0,GOOG
2014-07-09,569.376,571.58,576.72,576.08,1113700.0,576.08,1.0,0.0,GOOG
2014-07-10,565.01,565.91,576.59,571.1,1353000.0,571.1,1.0,0.0,GOOG
2014-07-11,571.42,571.91,580.85,579.18,1617300.0,579.18,1.0,0.0,GOOG
2014-07-14,578.03,582.6,585.21,584.87,1849000.0,584.87,1.0,0.0,GOOG
2014-07-15,576.56,585.74,585.8045,584.78,1618600.0,584.78,1.0,0.0,GOOG
2014-07-16,582.2,588.0,588.4,582.66,1393300.0,582.66,1.0,0.0,GOOG
2014-07-17,568.61,579.53,580.99,573.7299,3008300.0,573.7299,1.0,0.0,GOOG
2014-07-18,582.0,593.0,596.8,595.08,4003200.0,595.08,1.0,0.0,GOOG
2014-07-21,585.2326,591.75,594.4,589.47,2056500.0,589.47,1.0,0.0,GOOG
2014-07-22,590.6,590.72,599.65,594.74,1694500.0,594.74,1.0,0.0,GOOG
2014-07-23,592.5,593.23,597.85,595.98,1229800.0,595.98,1.0,0.0,GOOG
2014-07-24,591.77,596.45,599.5,593.35,1032300.0,593.35,1.0,0.0,GOOG
2014-07-25,587.03,590.4,591.86,589.02,929900.0,589.02,1.0,0.0,GOOG
2014-07-28,584.7533,588.07,592.5,590.6,984100.0,590.6,1.0,0.0,GOOG
2014-07-29,583.515,588.75,589.7,585.61,1346200.0,585.61,1.0,0.0,GOOG
2014-07-30,584.0,586.55,589.5,587.42,1013700.0,587.42,1.0,0.0,GOOG
2014-07-31,570.0,580.6,583.6499,571.6,2097000.0,571.6,1.0,0.0,GOOG
2014-08-01,562.85,570.4,575.9599,566.07,1949900.0,566.07,1.0,0.0,GOOG
2014-08-04,564.1,569.04,575.35,573.15,1423400.0,573.15,1.0,0.0,GOOG
2014-08-05,562.61,570.05,571.98,565.07,1547000.0,565.07,1.0,0.0,GOOG
2014-08-06,560.0,561.78,570.7,566.374,1330700.0,566.374,1.0,0.0,GOOG
2014-08-07,561.1,568.0,569.89,563.36,1107900.0,563.36,1.0,0.0,GOOG
2014-08-08,560.35,563.56,570.25,568.77,1490700.0,568.77,1.0,0.0,GOOG
2014-08-11,566.0,569.99,570.49,567.88,1211400.0,567.88,1.0,0.0,GOOG
2014-08-12,560.88,564.52,565.9,562.73,1537800.0,562.73,1.0,0.0,GOOG
2014-08-13,565.75,567.31,575.0,574.78,1437900.0,574.78,1.0,0.0,GOOG
2014-08-14,570.88,576.18,577.9,574.65,982800.0,574.65,1.0,0.0,GOOG
2014-08-15,570.52,577.86,579.38,573.48,1515000.0,573.48,1.0,0.0,GOOG
2014-08-18,576.0,576.11,584.51,582.16,1280600.0,582.16,1.0,0.0,GOOG
2014-08-19,584.0,585.0,587.34,586.86,976000.0,586.86,1.0,0.0,GOOG
2014-08-20,582.57,585.88,586.7,584.49,1033900.0,584.49,1.0,0.0,GOOG
2014-08-21,581.14,583.82,584.5,583.37,912300.0,583.37,1.0,0.0,GOOG
2014-08-22,580.64,583.59,585.236,582.56,786900.0,582.56,1.0,0.0,GOOG
2014-08-25,579.0,584.72,585.0,580.2,1357700.0,580.2,1.0,0.0,GOOG
2014-08-26,576.58,581.26,581.8,577.86,1635200.0,577.86,1.0,0.0,GOOG
2014-08-27,570.103,577.27,578.49,571.0,1698700.0,571.0,1.0,0.0,GOOG
2014-08-28,567.1,569.56,573.25,569.2,1289400.0,569.2,1.0,0.0,GOOG
2014-08-29,567.0692,571.33,572.04,571.6,1080800.0,571.6,1.0,0.0,GOOG
2014-09-02,571.19,571.85,577.83,577.33,1574100.0,577.33,1.0,0.0,GOOG
2014-09-03,575.0,580.0,582.99,577.94,1211800.0,577.94,1.0,0.0,GOOG
2014-09-04,579.22,580.0,586.0,581.98,1454200.0,581.98,1.0,0.0,GOOG
2014-09-05,581.95,583.98,586.55,586.08,1627900.0,586.08,1.0,0.0,GOOG
2014-09-08,586.3,586.6,591.77,589.72,1427100.0,589.72,1.0,0.0,GOOG
2014-09-09,580.0,588.9,589.0,581.01,1283700.0,581.01,1.0,0.0,GOOG
2014-09-10,576.94,581.5,583.5,583.1,974700.0,583.1,1.0,0.0,GOOG
2014-09-11,576.26,580.36,581.81,581.35,1217700.0,581.35,1.0,0.0,GOOG
2014-09-12,574.46,581.0,581.64,575.62,1597300.0,575.62,1.0,0.0,GOOG
2014-09-15,568.21,572.94,574.95,573.1,1593200.0,573.1,1.0,0.0,GOOG
2014-09-16,572.66,572.76,581.5,579.95,1476300.0,579.95,1.0,0.0,GOOG
2014-09-17,578.775,580.01,587.5199,584.77,1688200.0,584.77,1.0,0.0,GOOG
2014-09-18,585.0,587.0,589.54,589.27,1440600.0,589.27,1.0,0.0,GOOG
2014-09-19,589.5,591.5,596.48,596.08,3726400.0,596.08,1.0,0.0,GOOG
2014-09-22,583.46,593.82,593.949,587.37,1684900.0,587.37,1.0,0.0,GOOG
2014-09-23,581.0,586.85,586.85,581.13,1467400.0,581.13,1.0,0.0,GOOG
2014-09-24,580.52,581.46,589.63,587.99,1721085.0,587.99,1.0,0.0,GOOG
2014-09-25,574.18,587.55,587.98,575.06,1915643.0,575.06,1.0,0.0,GOOG
2014-09-26,574.66,576.06,579.25,577.1,1439807.0,577.1,1.0,0.0,GOOG
2014-09-29,571.17,571.75,578.19,576.36,1281204.0,576.36,1.0,0.0,GOOG
2014-09-30,572.85,576.93,579.85,577.36,1618437.0,577.36,1.0,0.0,GOOG
2014-10-01,567.01,576.01,577.5799,568.27,1445027.0,568.27,1.0,0.0,GOOG
2014-10-02,563.32,567.31,571.91,570.08,1175307.0,570.08,1.0,0.0,GOOG
2014-10-03,572.5,573.05,577.225,575.28,1138636.0,575.28,1.0,0.0,GOOG
2014-10-06,574.44,578.8,581.0,577.35,1211320.0,577.35,1.0,0.0,GOOG
2014-10-07,563.74,574.4,575.27,563.74,1906427.0,563.74,1.0,0.0,GOOG
2014-10-08,557.49,565.57,573.88,572.5,1987888.0,572.5,1.0,0.0,GOOG
2014-10-09,559.06,571.18,571.49,560.88,2519693.0,560.88,1.0,0.0,GOOG
2014-10-10,544.05,557.72,565.1299,544.49,3078634.0,544.49,1.0,0.0,GOOG
2014-10-13,533.1,544.99,549.5,533.21,2578676.0,533.21,1.0,0.0,GOOG
2014-10-14,533.1695,538.9,547.19,537.94,2217230.0,537.94,1.0,0.0,GOOG
2014-10-15,518.3,531.01,532.8,530.03,3712536.0,530.03,1.0,0.0,GOOG
2014-10-16,515.0,519.0,529.43,524.51,3698423.0,524.51,1.0,0.0,GOOG
2014-10-17,508.53,527.25,530.98,511.17,5530674.0,511.17,1.0,0.0,GOOG
2014-10-20,508.1,509.45,521.76,520.84,2605505.0,520.84,1.0,0.0,GOOG
2014-10-21,519.11,525.19,526.79,526.54,2332531.0,526.54,1.0,0.0,GOOG
2014-10-22,528.8,529.89,539.8,532.71,2917183.0,532.71,1.0,0.0,GOOG
2014-10-23,535.85,539.32,547.22,543.98,2345296.0,543.98,1.0,0.0,GOOG
2014-10-24,535.79,544.36,544.88,539.78,1972047.0,539.78,1.0,0.0,GOOG
2014-10-27,537.03,537.03,544.41,540.77,1184973.0,540.77,1.0,0.0,GOOG
2014-10-28,541.62,543.0,548.98,548.9,1273372.0,548.9,1.0,0.0,GOOG
2014-10-29,546.98,550.0,554.19,549.33,1767107.0,549.33,1.0,0.0,GOOG
2014-10-30,543.51,548.95,552.8,550.31,1451667.0,550.31,1.0,0.0,GOOG
2014-10-31,554.75,559.35,559.57,559.08,2032887.0,559.08,1.0,0.0,GOOG
2014-11-03,553.23,555.5,557.9,555.22,1378511.0,555.22,1.0,0.0,GOOG
2014-11-04,549.3,553.0,555.5,554.11,1240761.0,554.11,1.0,0.0,GOOG
2014-11-05,544.05,556.8,556.8,545.92,2026740.0,545.92,1.0,0.0,GOOG
2014-11-06,540.97,545.5,546.885,542.04,1329604.0,542.04,1.0,0.0,GOOG
2014-11-07,538.67,546.21,546.21,541.01,1629259.0,541.01,1.0,0.0,GOOG
2014-11-10,541.02,541.46,549.59,547.49,1131546.0,547.49,1.0,0.0,GOOG
2014-11-11,546.3,548.49,551.9399,550.29,964866.0,550.29,1.0,0.0,GOOG
2014-11-12,545.17,550.39,550.46,547.31,1126594.0,547.31,1.0,0.0,GOOG
2014-11-13,543.48,549.8,549.8,545.38,1335719.0,545.38,1.0,0.0,GOOG
2014-11-14,542.15,546.68,546.68,544.4,1285991.0,544.4,1.0,0.0,GOOG
2014-11-17,534.061,543.58,543.79,536.51,1721282.0,536.51,1.0,0.0,GOOG
2014-11-18,534.17,537.5,541.94,535.03,1957664.0,535.03,1.0,0.0,GOOG
2014-11-19,530.08,535.0,538.24,536.99,1388440.0,536.99,1.0,0.0,GOOG
2014-11-20,531.08,531.25,535.11,534.83,1559131.0,534.83,1.0,0.0,GOOG
2014-11-21,536.56,541.61,542.14,537.5,2218249.0,537.5,1.0,0.0,GOOG
2014-11-24,535.62,537.65,542.7,539.27,1701682.0,539.27,1.0,0.0,GOOG
2014-11-25,538.602,539.0,543.98,541.08,1784967.0,541.08,1.0,0.0,GOOG
2014-11-26,537.042,540.88,541.55,540.37,1519503.0,540.37,1.0,0.0,GOOG
2014-11-28,536.6,540.62,542.0,541.83,1145231.0,541.83,1.0,0.0,GOOG
2014-12-01,531.86,538.9,541.41,533.8,2109599.0,533.8,1.0,0.0,GOOG
2014-12-02,529.8,533.51,535.5,533.75,1522481.0,533.75,1.0,0.0,GOOG
2014-12-03,529.26,531.44,535.996,531.32,1279288.0,531.32,1.0,0.0,GOOG
2014-12-04,528.59,531.16,537.34,537.31,1392208.0,537.31,1.0,0.0,GOOG
2014-12-05,524.28,531.0,532.89,525.26,2558649.0,525.26,1.0,0.0,GOOG
2014-12-08,523.79,527.13,531.0,526.98,2327127.0,526.98,1.0,0.0,GOOG
2014-12-09,520.5,522.14,534.19,533.37,1871268.0,533.37,1.0,0.0,GOOG
2014-12-10,525.56,533.08,536.33,526.06,1716835.0,526.06,1.0,0.0,GOOG
2014-12-11,527.1,527.8,533.92,528.34,1610964.0,528.34,1.0,0.0,GOOG
2014-12-12,518.66,523.51,528.5,518.66,1989117.0,518.66,1.0,0.0,GOOG
2014-12-15,513.27,522.74,523.1,513.8,2812786.0,513.8,1.0,0.0,GOOG
2014-12-16,489.0,511.56,513.05,495.39,3953371.0,495.39,1.0,0.0,GOOG
2014-12-17,496.81,497.0,507.0,504.89,2875281.0,504.89,1.0,0.0,GOOG
2014-12-18,504.7,512.95,513.87,511.1,2918730.0,511.1,1.0,0.0,GOOG
2014-12-19,506.9106,511.51,517.72,516.35,3680148.0,516.35,1.0,0.0,GOOG
2014-12-22,516.08,516.08,526.46,524.87,2723599.0,524.87,1.0,0.0,GOOG
2014-12-23,526.29,527.0,534.56,530.59,2191567.0,530.59,1.0,0.0,GOOG
2014-12-24,527.02,530.51,531.759,528.77,704035.0,528.77,1.0,0.0,GOOG
2014-12-26,527.31,528.77,534.25,534.03,1037727.0,534.03,1.0,0.0,GOOG
2014-12-29,530.011,532.19,535.48,530.33,2276104.0,530.33,1.0,0.0,GOOG
2014-12-30,527.13,528.09,531.15,530.42,873923.0,530.42,1.0,0.0,GOOG
2014-12-31,525.8,531.25,532.6,526.4,1371819.0,526.4,1.0,0.0,GOOG
2015-01-02,524.1,529.01,531.27,524.81,1446662.0,524.81,1.0,0.0,GOOG
2015-01-05,513.06,523.26,524.33,513.87,2054238.0,513.87,1.0,0.0,GOOG
2015-01-06,501.05,515.0,516.175,501.96,2891950.0,501.96,1.0,0.0,GOOG
2015-01-07,499.65,507.0,507.244,501.1,2059366.0,501.1,1.0,0.0,GOOG
2015-01-08,491.0,497.99,503.48,502.68,3344395.0,502.68,1.0,0.0,GOOG
2015-01-09,494.79,504.76,504.92,496.17,2054956.0,496.17,1.0,0.0,GOOG
2015-01-12,487.56,494.94,495.976,492.55,2320446.0,492.55,1.0,0.0,GOOG
2015-01-13,492.39,498.84,502.98,496.18,2365687.0,496.18,1.0,0.0,GOOG
2015-01-14,493.0,494.65,503.23,500.87,2229638.0,500.87,1.0,0.0,GOOG
2015-01-15,497.76,505.57,505.68,501.79,2711355.0,501.79,1.0,0.0,GOOG
2015-01-16,500.0,500.01,508.19,508.08,2292043.0,508.08,1.0,0.0,GOOG
2015-01-20,506.016,511.0,512.5,506.9,2225922.0,506.9,1.0,0.0,GOOG
2015-01-21,506.2,507.25,519.28,518.04,2262455.0,518.04,1.0,0.0,GOOG
2015-01-22,519.7,521.48,536.33,534.39,2669558.0,534.39,1.0,0.0,GOOG
2015-01-23,533.0,535.59,542.17,539.95,2275485.0,539.95,1.0,0.0,GOOG
2015-01-26,529.67,538.53,539.0,535.21,1539524.0,535.21,1.0,0.0,GOOG
2015-01-27,518.19,529.97,530.7,518.63,1898844.0,518.63,1.0,0.0,GOOG
2015-01-28,510.0,522.78,522.99,510.0,1679230.0,510.0,1.0,0.0,GOOG
2015-01-29,501.2,511.0,511.09,510.66,4174924.0,510.66,1.0,0.0,GOOG
2015-01-30,515.52,515.86,539.87,534.52,5590977.0,534.52,1.0,0.0,GOOG
2015-02-02,518.55,531.73,533.0,528.48,2841976.0,528.48,1.0,0.0,GOOG
2015-02-03,523.26,528.0,533.4,529.24,2033085.0,529.24,1.0,0.0,GOOG
2015-02-04,521.27,529.24,532.6715,522.76,1659125.0,522.76,1.0,0.0,GOOG
2015-02-05,522.09,523.79,528.5,527.58,1844687.0,527.58,1.0,0.0,GOOG
2015-02-06,526.41,527.64,537.2,531.0,1758650.0,531.0,1.0,0.0,GOOG
2015-02-09,526.02,528.0,532.0,527.83,1264276.0,527.83,1.0,0.0,GOOG
2015-02-10,526.92,529.3,537.7,536.94,1745076.0,536.94,1.0,0.0,GOOG
2015-02-11,533.3775,535.3,538.45,535.97,1373970.0,535.97,1.0,0.0,GOOG
2015-02-12,534.673,537.25,544.82,542.93,1615824.0,542.93,1.0,0.0,GOOG
2015-02-13,543.13,543.35,549.91,549.01,1895126.0,549.01,1.0,0.0,GOOG
2015-02-17,541.09,546.83,550.0,542.84,1612439.0,542.84,1.0,0.0,GOOG
2015-02-18,537.51,541.4,545.49,539.7,1449089.0,539.7,1.0,0.0,GOOG
2015-02-19,538.01,538.04,543.11,542.87,987478.0,542.87,1.0,0.0,GOOG
2015-02-20,535.8,543.13,543.75,538.95,1441212.0,538.95,1.0,0.0,GOOG
2015-02-23,529.41,536.05,536.439,531.91,1453907.0,531.91,1.0,0.0,GOOG
2015-02-24,528.25,530.0,536.79,536.09,1002393.0,536.09,1.0,0.0,GOOG
2015-02-25,535.445,535.9,546.22,543.87,1821041.0,543.87,1.0,0.0,GOOG
2015-02-26,541.5,543.21,556.14,555.48,2305219.0,555.48,1.0,0.0,GOOG
2015-02-27,552.9,554.24,564.71,558.4,2403553.0,558.4,1.0,0.0,GOOG
2015-03-02,558.75,560.53,572.15,571.34,2123796.0,571.34,1.0,0.0,GOOG
2015-03-03,566.52,570.45,575.39,573.64,1700084.0,573.64,1.0,0.0,GOOG
2015-03-04,568.01,571.87,577.11,573.37,1871694.0,573.37,1.0,0.0,GOOG
2015-03-05,573.41,575.02,577.91,575.33,1385818.0,575.33,1.0,0.0,GOOG
2015-03-06,566.76,574.88,576.6799,567.685,1654561.0,567.685,1.0,0.0,GOOG
2015-03-09,563.535,566.86,570.27,568.85,1059336.0,568.85,1.0,0.0,GOOG
2015-03-10,554.73,564.25,564.85,555.01,1787357.0,555.01,1.0,0.0,GOOG
2015-03-11,550.68,555.14,558.14,551.18,1815763.0,551.18,1.0,0.0,GOOG
2015-03-12,550.46,553.51,556.37,555.51,1385772.0,555.51,1.0,0.0,GOOG
2015-03-13,544.22,553.5,558.4,547.32,1698872.0,547.32,1.0,0.0,GOOG
2015-03-16,546.0,550.95,556.85,554.51,1636493.0,554.51,1.0,0.0,GOOG
2015-03-17,548.0,551.71,553.8,550.84,1800570.0,550.84,1.0,0.0,GOOG
2015-03-18,547.0001,552.5,559.78,559.5,2128714.0,559.5,1.0,0.0,GOOG
2015-03-19,556.145,559.39,560.8,557.99,1194049.0,557.99,1.0,0.0,GOOG
2015-03-20,559.05,561.65,561.72,560.36,2609690.0,560.36,1.0,0.0,GOOG
2015-03-23,555.83,560.43,562.36,558.81,1639306.0,558.81,1.0,0.0,GOOG
2015-03-24,561.21,562.56,574.59,570.19,2576234.0,570.19,1.0,0.0,GOOG
2015-03-25,558.74,570.5,572.26,558.785,2146384.0,558.785,1.0,0.0,GOOG
2015-03-26,550.65,557.59,558.9,555.17,1568331.0,555.17,1.0,0.0,GOOG
2015-03-27,548.13,553.0,555.28,548.34,1892323.0,548.34,1.0,0.0,GOOG
2015-03-30,548.17,551.62,553.47,552.03,1283958.0,552.03,1.0,0.0,GOOG
2015-03-31,546.72,550.0,554.71,548.0,1583677.0,548.0,1.0,0.0,GOOG
2015-04-01,539.5,548.6,551.14,542.56,1957718.0,542.56,1.0,0.0,GOOG
2015-04-02,533.8467,540.85,540.85,535.53,1711737.0,535.53,1.0,0.0,GOOG
2015-04-06,529.57,532.22,538.41,536.765,1320767.0,536.765,1.0,0.0,GOOG
2015-04-07,536.0,538.08,542.69,537.02,1299298.0,537.02,1.0,0.0,GOOG
2015-04-08,538.38,538.38,543.85,541.61,1175332.0,541.61,1.0,0.0,GOOG
2015-04-09,535.49,541.03,541.95,540.78,1553586.0,540.78,1.0,0.0,GOOG
2015-04-10,537.31,542.29,542.29,540.01,1405574.0,540.01,1.0,0.0,GOOG
2015-04-13,537.31,538.41,544.06,539.17,1640809.0,539.17,1.0,0.0,GOOG
2015-04-14,528.0925,536.25,537.5699,530.39,2597043.0,530.39,1.0,0.0,GOOG
2015-04-15,523.22,528.7,534.73,532.53,2312512.0,532.53,1.0,0.0,GOOG
2015-04-16,529.61,529.9,535.59,533.8,1296304.0,533.8,1.0,0.0,GOOG
2015-04-17,521.01,528.66,529.84,524.05,2145955.0,524.05,1.0,0.0,GOOG
2015-04-20,524.5,525.6,536.09,535.38,1675487.0,535.38,1.0,0.0,GOOG
2015-04-21,533.675,537.51,539.39,533.97,1839668.0,533.97,1.0,0.0,GOOG
2015-04-22,531.75,534.4,541.08,539.365,1589248.0,539.365,1.0,0.0,GOOG
2015-04-23,540.23,541.0,550.96,547.0,4173376.0,547.0,1.0,0.0,GOOG
2015-04-24,557.25,566.1,571.14,565.06,4919031.0,565.06,1.0,0.0,GOOG
2015-04-27,553.2001,563.39,565.95,555.37,2398039.0,555.37,1.0,0.0,GOOG
2015-04-28,550.366,554.64,556.02,553.68,1490983.0,553.68,1.0,0.0,GOOG
2015-04-29,546.905,550.47,553.68,549.08,1698761.0,549.08,1.0,0.0,GOOG
2015-04-30,535.05,547.87,548.59,537.34,2082214.0,537.34,1.0,0.0,GOOG
2015-05-01,532.1,538.43,539.54,537.9,1768181.0,537.9,1.0,0.0,GOOG
2015-05-04,535.06,538.53,544.07,540.78,1307960.0,540.78,1.0,0.0,GOOG
2015-05-05,530.3906,538.21,539.74,530.8,1383068.0,530.8,1.0,0.0,GOOG
2015-05-06,521.085,531.24,532.38,524.22,1566987.0,524.22,1.0,0.0,GOOG
2015-05-07,521.75,523.99,533.46,530.7,1546278.0,530.7,1.0,0.0,GOOG
2015-05-08,536.0,536.65,541.15,538.22,1527615.0,538.22,1.0,0.0,GOOG
2015-05-11,535.4,538.37,541.98,535.7,905285.0,535.7,1.0,0.0,GOOG
2015-05-12,525.26,531.6,533.2089,529.04,1634174.0,529.04,1.0,0.0,GOOG
2015-05-13,528.655,530.56,534.3215,529.62,1253063.0,529.62,1.0,0.0,GOOG
2015-05-14,532.41,533.77,539.0,538.4,1403935.0,538.4,1.0,0.0,GOOG
2015-05-15,530.38,539.18,539.2743,533.85,1971343.0,533.85,1.0,0.0,GOOG
2015-05-18,528.85,532.01,534.82,532.3,2003421.0,532.3,1.0,0.0,GOOG
2015-05-19,533.04,533.98,540.66,537.36,1966947.0,537.36,1.0,0.0,GOOG
2015-05-20,532.972,538.49,542.92,539.27,1430826.0,539.27,1.0,0.0,GOOG
2015-05-21,535.98,537.95,543.8399,542.51,1462695.0,542.51,1.0,0.0,GOOG
2015-05-22,539.51,540.15,544.19,540.11,1176214.0,540.11,1.0,0.0,GOOG
2015-05-26,529.88,538.12,539.0,532.32,2406512.0,532.32,1.0,0.0,GOOG
2015-05-27,531.71,532.8,540.55,539.79,1525019.0,539.79,1.0,0.0,GOOG
2015-05-28,536.25,538.01,540.61,539.78,1029849.0,539.78,1.0,0.0,GOOG
2015-05-29,531.45,537.37,538.63,532.11,2597407.0,532.11,1.0,0.0,GOOG
2015-06-01,529.76,536.79,536.79,533.99,1904332.0,533.99,1.0,0.0,GOOG
2015-06-02,531.33,532.93,543.0,539.18,1938989.0,539.18,1.0,0.0,GOOG
2015-06-03,537.11,539.91,543.5,540.31,1717036.0,540.31,1.0,0.0,GOOG
2015-06-04,534.32,537.76,540.59,536.7,1348337.0,536.7,1.0,0.0,GOOG
2015-06-05,532.52,536.35,537.2,533.33,1388220.0,533.33,1.0,0.0,GOOG
2015-06-08,526.24,533.31,534.12,526.83,1524139.0,526.83,1.0,0.0,GOOG
2015-06-09,523.01,527.56,529.2,526.69,1455266.0,526.69,1.0,0.0,GOOG
2015-06-10,529.35,529.36,538.36,536.69,1814958.0,536.69,1.0,0.0,GOOG
2015-06-11,533.02,538.425,538.98,534.61,1217536.0,534.61,1.0,0.0,GOOG
2015-06-12,530.16,531.6,533.12,532.33,955789.0,532.33,1.0,0.0,GOOG
2015-06-15,524.0,528.0,528.3,527.2,1632702.0,527.2,1.0,0.0,GOOG
2015-06-16,525.56,528.4,529.6399,528.15,1071814.0,528.15,1.0,0.0,GOOG
2015-06-17,525.1,529.37,530.98,529.26,1294216.0,529.26,1.0,0.0,GOOG
2015-06-18,530.79,531.0,538.15,536.73,1833109.0,536.73,1.0,0.0,GOOG
2015-06-19,533.01,537.21,538.25,536.69,1893497.0,536.69,1.0,0.0,GOOG
2015-06-22,537.53,539.59,543.74,538.19,1250282.0,538.19,1.0,0.0,GOOG
2015-06-23,535.25,539.64,541.499,540.48,1197450.0,540.48,1.0,0.0,GOOG
2015-06-24,535.66,540.0,540.0,537.84,1286608.0,537.84,1.0,0.0,GOOG
2015-06-25,535.23,538.87,540.9,535.23,1335697.0,535.23,1.0,0.0,GOOG
2015-06-26,531.35,537.26,537.76,531.69,2109130.0,531.69,1.0,0.0,GOOG
2015-06-29,520.54,525.01,528.61,521.52,1937821.0,521.52,1.0,0.0,GOOG
2015-06-30,520.5,526.02,526.25,520.51,2235595.0,520.51,1.0,0.0,GOOG
2015-07-01,518.2305,524.73,525.69,521.84,1961354.0,521.84,1.0,0.0,GOOG
2015-07-02,521.08,521.08,524.65,523.4,1235903.0,523.4,1.0,0.0,GOOG
2015-07-06,519.0,519.5,525.25,522.86,1280525.0,522.86,1.0,0.0,GOOG
2015-07-07,515.18,523.13,526.18,525.02,1597229.0,525.02,1.0,0.0,GOOG
2015-07-08,516.11,521.05,522.734,516.83,1296699.0,516.83,1.0,0.0,GOOG
2015-07-09,520.35,523.12,523.77,520.68,1842347.0,520.68,1.0,0.0,GOOG
2015-07-10,525.55,526.29,532.56,530.13,1956682.0,530.13,1.0,0.0,GOOG
2015-07-13,532.4001,532.88,547.11,546.55,2206475.0,546.55,1.0,0.0,GOOG
2015-07-14,546.71,546.76,565.8487,561.1,3244066.0,561.1,1.0,0.0,GOOG
2015-07-15,556.79,560.13,566.5029,560.22,1784554.0,560.22,1.0,0.0,GOOG
2015-07-16,565.0,565.12,580.68,579.85,4768318.0,579.85,1.0,0.0,GOOG
2015-07-17,645.0,649.0,674.468,672.93,11164943.0,672.93,1.0,0.0,GOOG
2015-07-20,653.01,659.24,668.88,663.02,5860872.0,663.02,1.0,0.0,GOOG
2015-07-21,654.3,655.21,673.0,662.3,3377196.0,662.3,1.0,0.0,GOOG
2015-07-22,659.0,660.89,678.64,662.1,3929309.0,662.1,1.0,0.0,GOOG
2015-07-23,641.0,661.27,663.63,644.28,3029109.0,644.28,1.0,0.0,GOOG
2015-07-24,622.52,647.0,648.17,623.56,3625747.0,623.56,1.0,0.0,GOOG
2015-07-27,620.5,621.0,634.3,627.26,2675381.0,627.26,1.0,0.0,GOOG
2015-07-28,623.31,632.83,632.83,628.0,1727327.0,628.0,1.0,0.0,GOOG
2015-07-29,622.65,628.8,633.36,631.93,1575069.0,631.93,1.0,0.0,GOOG
2015-07-30,622.05,630.0,635.22,632.59,1474203.0,632.59,1.0,0.0,GOOG
2015-07-31,625.5,631.38,632.91,625.61,1706149.0,625.61,1.0,0.0,GOOG
2015-08-03,625.34,625.34,633.0556,631.21,1304511.0,631.21,1.0,0.0,GOOG
2015-08-04,627.16,628.42,634.81,629.25,1490881.0,629.25,1.0,0.0,GOOG
2015-08-05,633.16,634.33,647.86,643.78,2008659.0,643.78,1.0,0.0,GOOG
2015-08-06,632.25,645.0,645.379,642.68,1572600.0,642.68,1.0,0.0,GOOG
2015-08-07,629.71,640.23,642.68,635.3,1403865.0,635.3,1.0,0.0,GOOG
2015-08-10,631.249,639.48,643.44,633.73,1809205.0,633.73,1.0,0.0,GOOG
2015-08-11,654.27,669.2,674.9,660.78,5029203.0,660.78,1.0,0.0,GOOG
2015-08-12,652.29,663.08,665.0,659.56,2940803.0,659.56,1.0,0.0,GOOG
2015-08-13,651.661,659.3225,664.5,656.45,1810749.0,656.45,1.0,0.0,GOOG
2015-08-14,652.66,655.01,659.855,657.12,1072061.0,657.12,1.0,0.0,GOOG
2015-08-17,651.24,656.8,661.38,660.87,1051699.0,660.87,1.0,0.0,GOOG
2015-08-18,653.46,661.9,664.0,656.13,1456059.0,656.13,1.0,0.0,GOOG
2015-08-19,654.19,656.6,667.0,660.9,2134098.0,660.9,1.0,0.0,GOOG
2015-08-20,642.9,655.46,662.99,646.83,2855299.0,646.83,1.0,0.0,GOOG
2015-08-21,612.33,639.78,640.05,612.48,4265183.0,612.48,1.0,0.0,GOOG
2015-08-24,565.05,573.0,614.0,589.61,5770302.0,589.61,1.0,0.0,GOOG
2015-08-25,581.11,614.91,617.45,582.06,3537966.0,582.06,1.0,0.0,GOOG
2015-08-26,599.05,610.35,631.71,628.62,4235891.0,628.62,1.0,0.0,GOOG
2015-08-27,622.0,639.4,643.59,637.61,3491336.0,637.61,1.0,0.0,GOOG
2015-08-28,624.56,632.82,636.88,630.38,1978733.0,630.38,1.0,0.0,GOOG
2015-08-31,617.68,627.54,635.8,618.25,2176737.0,618.25,1.0,0.0,GOOG
2015-09-01,594.1,602.36,612.86,597.79,3702105.0,597.79,1.0,0.0,GOOG
2015-09-02,599.71,605.68,614.34,614.34,2575620.0,614.34,1.0,0.0,GOOG
2015-09-03,602.8213,617.0,619.71,606.25,1759572.0,606.25,1.0,0.0,GOOG
2015-09-04,595.25,600.0,603.47,600.7,2089453.0,600.7,1.0,0.0,GOOG
2015-09-08,604.12,612.49,616.31,614.66,2279538.0,614.66,1.0,0.0,GOOG
2015-09-09,609.6,621.22,626.52,612.72,1702094.0,612.72,1.0,0.0,GOOG
2015-09-10,611.43,613.1,624.16,621.35,1905276.0,621.35,1.0,0.0,GOOG
2015-09-11,617.42,619.75,625.78,625.77,1373545.0,625.77,1.0,0.0,GOOG
2015-09-14,619.43,625.7,625.86,623.24,1702271.0,623.24,1.0,0.0,GOOG
2015-09-15,623.78,626.7,638.7,635.14,2084397.0,635.14,1.0,0.0,GOOG
2015-09-16,632.32,635.47,637.95,635.98,1286454.0,635.98,1.0,0.0,GOOG
2015-09-17,635.02,637.79,650.9,642.9,2274690.0,642.9,1.0,0.0,GOOG
2015-09-18,627.02,636.79,640.0,629.25,5133386.0,629.25,1.0,0.0,GOOG
2015-09-21,625.94,634.4,636.49,635.44,1788506.0,635.44,1.0,0.0,GOOG
2015-09-22,615.43,627.0,627.55,622.69,2562869.0,622.69,1.0,0.0,GOOG
2015-09-23,620.0,622.05,628.93,622.36,1470949.0,622.36,1.0,0.0,GOOG
2015-09-24,612.4,616.64,627.32,625.8,2240098.0,625.8,1.0,0.0,GOOG
2015-09-25,611.0,629.77,629.77,611.97,2174009.0,611.97,1.0,0.0,GOOG
2015-09-28,589.38,610.34,614.605,594.89,3110651.0,594.89,1.0,0.0,GOOG
2015-09-29,590.22,597.28,605.0,594.97,2310284.0,594.97,1.0,0.0,GOOG
2015-09-30,600.73,603.28,608.76,608.42,2332087.0,608.42,1.0,0.0,GOOG
2015-10-01,599.85,608.37,612.09,611.29,1867601.0,611.29,1.0,0.0,GOOG
2015-10-02,603.13,607.2,627.34,626.91,2684805.0,626.91,1.0,0.0,GOOG
2015-10-05,627.0,632.0,643.01,641.47,1803643.0,641.47,1.0,0.0,GOOG
2015-10-06,636.5295,638.84,649.25,645.44,2236847.0,645.44,1.0,0.0,GOOG
2015-10-07,632.15,649.24,650.609,642.36,2092714.0,642.36,1.0,0.0,GOOG
2015-10-08,625.56,641.36,644.45,639.16,2182081.0,639.16,1.0,0.0,GOOG
2015-10-09,635.318,640.0,645.99,643.61,1648736.0,643.61,1.0,0.0,GOOG
2015-10-12,639.01,642.09,648.5,646.67,1276134.0,646.67,1.0,0.0,GOOG
2015-10-13,643.15,643.15,657.8125,652.3,1807685.0,652.3,1.0,0.0,GOOG
2015-10-14,648.85,653.21,659.39,651.16,1415468.0,651.16,1.0,0.0,GOOG
2015-10-15,654.46,654.66,663.13,661.74,1885737.0,661.74,1.0,0.0,GOOG
2015-10-16,657.2,664.11,664.97,662.2,1611128.0,662.2,1.0,0.0,GOOG
2015-10-19,659.58,661.18,666.82,666.1,1477340.0,666.1,1.0,0.0,GOOG
2015-10-20,644.195,664.04,664.7197,650.28,2498215.0,650.28,1.0,0.0,GOOG
2015-10-21,641.73,654.15,655.87,642.61,1794172.0,642.61,1.0,0.0,GOOG
2015-10-22,644.01,646.7,657.8,651.79,4070954.0,651.79,1.0,0.0,GOOG
2015-10-23,701.5,727.5,730.0,702.0,6653923.0,702.0,1.0,0.0,GOOG
2015-10-26,701.26,701.55,719.15,712.78,2716615.0,712.78,1.0,0.0,GOOG
2015-10-27,704.55,707.38,713.62,708.49,2245796.0,708.49,1.0,0.0,GOOG
2015-10-28,703.08,707.33,712.98,712.95,2178917.0,712.95,1.0,0.0,GOOG
2015-10-29,710.01,710.5,718.26,716.92,1455965.0,716.92,1.0,0.0,GOOG
2015-10-30,710.05,715.73,718.0,710.81,1908774.0,710.81,1.0,0.0,GOOG
2015-11-02,705.85,711.06,721.62,721.11,1886250.0,721.11,1.0,0.0,GOOG
2015-11-03,714.72,718.86,724.65,722.16,1565379.0,722.16,1.0,0.0,GOOG
2015-11-04,721.9,722.0,733.1,728.11,1706700.0,728.11,1.0,0.0,GOOG
2015-11-05,729.47,729.47,739.48,731.25,1861550.0,731.25,1.0,0.0,GOOG
2015-11-06,727.01,731.5,735.41,733.76,1511599.0,733.76,1.0,0.0,GOOG
2015-11-09,719.43,730.2,734.71,724.89,2069807.0,724.89,1.0,0.0,GOOG
2015-11-10,718.5001,724.4,730.59,728.32,1607994.0,728.32,1.0,0.0,GOOG
2015-11-11,730.23,732.46,741.0,735.4,1366995.0,735.4,1.0,0.0,GOOG
2015-11-12,728.645,731.0,737.8,731.23,1837154.0,731.23,1.0,0.0,GOOG
2015-11-13,716.73,729.17,731.15,717.0,2075504.0,717.0,1.0,0.0,GOOG
2015-11-16,711.33,715.6,729.49,728.96,1905893.0,728.96,1.0,0.0,GOOG
2015-11-17,723.027,729.29,731.845,725.3,1506733.0,725.3,1.0,0.0,GOOG
2015-11-18,727.0,727.58,741.41,740.0,1684259.0,740.0,1.0,0.0,GOOG
2015-11-19,737.43,738.74,742.0,738.41,1327879.0,738.41,1.0,0.0,GOOG
2015-11-20,743.0,746.53,757.92,756.6,2213284.0,756.6,1.0,0.0,GOOG
2015-11-23,751.82,757.45,762.7075,755.98,1415385.0,755.98,1.0,0.0,GOOG
2015-11-24,737.63,752.0,755.279,748.28,2334197.0,748.28,1.0,0.0,GOOG
2015-11-25,746.06,748.14,752.0,748.15,1122224.0,748.15,1.0,0.0,GOOG
2015-11-27,747.49,748.46,753.41,750.26,838528.0,750.26,1.0,0.0,GOOG
2015-11-30,741.27,748.81,754.93,742.6,2097624.0,742.6,1.0,0.0,GOOG
2015-12-01,746.7,747.11,768.95,767.04,2134621.0,767.04,1.0,0.0,GOOG
2015-12-02,758.96,768.9,775.955,762.38,2230373.0,762.38,1.0,0.0,GOOG
2015-12-03,745.63,766.01,768.995,752.54,2590641.0,752.54,1.0,0.0,GOOG
2015-12-04,750.0,753.1,768.49,766.81,2757283.0,766.81,1.0,0.0,GOOG
2015-12-07,755.09,767.77,768.73,763.25,1812314.0,763.25,1.0,0.0,GOOG
2015-12-08,754.2,757.89,764.8,762.37,1829475.0,762.37,1.0,0.0,GOOG
2015-12-09,737.001,759.17,764.23,751.61,2699990.0,751.61,1.0,0.0,GOOG
2015-12-10,743.83,752.85,755.85,749.46,1988380.0,749.46,1.0,0.0,GOOG
2015-12-11,736.75,741.16,745.71,738.87,2224410.0,738.87,1.0,0.0,GOOG
2015-12-14,724.17,741.79,748.73,747.77,2421236.0,747.77,1.0,0.0,GOOG
2015-12-15,743.01,753.0,758.08,743.4,2666229.0,743.4,1.0,0.0,GOOG
2015-12-16,739.435,750.0,760.59,758.09,1993251.0,758.09,1.0,0.0,GOOG
2015-12-17,749.0,762.42,762.68,749.43,1553418.0,749.43,1.0,0.0,GOOG
2015-12-18,738.15,746.51,754.13,739.31,3148743.0,739.31,1.0,0.0,GOOG
2015-12-21,740.0,746.13,750.0,747.77,1525703.0,747.77,1.0,0.0,GOOG
2015-12-22,745.53,751.65,754.85,750.0,1365520.0,750.0,1.0,0.0,GOOG
2015-12-23,744.0,753.47,754.21,750.31,1566726.0,750.31,1.0,0.0,GOOG
2015-12-24,746.62,749.55,751.35,748.4,527223.0,748.4,1.0,0.0,GOOG
2015-12-28,749.52,752.92,762.99,762.51,1515716.0,762.51,1.0,0.0,GOOG
2015-12-29,766.43,766.69,779.98,776.6,1765012.0,776.6,1.0,0.0,GOOG
2015-12-30,766.9,776.6,777.6,771.0,1293521.0,771.0,1.0,0.0,GOOG
2015-12-31,758.34,769.5,769.5,758.88,1500923.0,758.88,1.0,0.0,GOOG
2016-01-04,731.2577,743.0,744.06,741.84,3272776.0,741.84,1.0,0.0,GOOG
2016-01-05,738.64,746.45,752.0,742.58,1950691.0,742.58,1.0,0.0,GOOG
2016-01-06,728.92,730.0,747.18,743.62,1947034.0,743.62,1.0,0.0,GOOG
2016-01-07,719.06,730.31,738.5,726.39,2963741.0,726.39,1.0,0.0,GOOG
2016-01-08,713.0,731.45,733.23,714.47,2450857.0,714.47,1.0,0.0,GOOG
2016-01-11,703.54,716.61,718.855,716.03,2090621.0,716.03,1.0,0.0,GOOG
2016-01-12,717.3165,721.68,728.75,726.07,2024509.0,726.07,1.0,0.0,GOOG
2016-01-13,698.61,730.85,734.74,700.56,2501730.0,700.56,1.0,0.0,GOOG
2016-01-14,689.1,705.38,721.925,714.72,2225768.0,714.72,1.0,0.0,GOOG
2016-01-15,685.37,692.29,706.74,694.45,3608109.0,694.45,1.0,0.0,GOOG
2016-01-19,693.4101,703.3,709.98,701.79,2268078.0,701.79,1.0,0.0,GOOG
2016-01-20,673.26,688.61,706.85,698.45,3444962.0,698.45,1.0,0.0,GOOG
2016-01-21,694.46,702.18,719.19,706.59,2412211.0,706.59,1.0,0.0,GOOG
2016-01-22,720.121,723.6,728.13,725.25,2011797.0,725.25,1.0,0.0,GOOG
2016-01-25,710.01,723.58,729.68,711.67,1711716.0,711.67,1.0,0.0,GOOG
2016-01-26,706.48,713.85,718.28,713.04,1331691.0,713.04,1.0,0.0,GOOG
2016-01-27,694.39,713.67,718.235,699.99,2194227.0,699.99,1.0,0.0,GOOG
2016-01-28,712.35,722.22,733.69,730.96,2676397.0,730.96,1.0,0.0,GOOG
2016-01-29,726.8,731.53,744.9899,742.95,3474319.0,742.95,1.0,0.0,GOOG
2016-02-01,743.27,750.46,757.86,752.0,5139157.0,752.0,1.0,0.0,GOOG
2016-02-02,764.65,784.5,789.8699,764.65,6348126.0,764.65,1.0,0.0,GOOG
2016-02-03,720.5,770.22,774.5,726.95,6171019.0,726.95,1.0,0.0,GOOG
2016-02-04,701.86,722.81,727.0,708.01,5168709.0,708.01,1.0,0.0,GOOG
2016-02-05,680.15,703.87,703.99,683.57,5105725.0,683.57,1.0,0.0,GOOG
2016-02-08,663.06,667.85,684.03,682.74,4247355.0,682.74,1.0,0.0,GOOG
2016-02-09,668.77,672.32,699.9,678.11,3608914.0,678.11,1.0,0.0,GOOG
2016-02-10,682.13,686.86,701.31,684.12,2638007.0,684.12,1.0,0.0,GOOG
2016-02-11,668.8675,675.0,689.35,683.11,3024043.0,683.11,1.0,0.0,GOOG
2016-02-12,678.6,690.26,693.75,682.4,2141373.0,682.4,1.0,0.0,GOOG
2016-02-16,685.05,692.98,698.0,691.0,2520021.0,691.0,1.0,0.0,GOOG
2016-02-17,691.38,699.0,709.75,708.4,2492634.0,708.4,1.0,0.0,GOOG
2016-02-18,696.03,710.0,712.35,697.35,1883248.0,697.35,1.0,0.0,GOOG
2016-02-19,694.05,695.03,703.0805,700.91,1589281.0,700.91,1.0,0.0,GOOG
2016-02-22,702.51,707.45,713.24,706.46,1949816.0,706.46,1.0,0.0,GOOG
2016-02-23,693.58,701.45,708.4,695.85,2009280.0,695.85,1.0,0.0,GOOG
2016-02-24,680.78,688.92,700.0,699.56,1963573.0,699.56,1.0,0.0,GOOG
2016-02-25,690.585,700.01,705.98,705.75,1642166.0,705.75,1.0,0.0,GOOG
2016-02-26,700.86,708.58,713.43,705.07,2243522.0,705.07,1.0,0.0,GOOG
2016-02-29,697.68,700.32,710.89,697.77,2481145.0,697.77,1.0,0.0,GOOG
2016-03-01,699.77,703.62,718.81,718.81,2151419.0,718.81,1.0,0.0,GOOG
2016-03-02,712.0,719.0,720.0,718.85,1629003.0,718.85,1.0,0.0,GOOG
2016-03-03,706.02,718.68,719.45,712.42,1957974.0,712.42,1.0,0.0,GOOG
2016-03-04,706.02,714.99,716.49,710.89,1972077.0,710.89,1.0,0.0,GOOG
2016-03-07,686.9,706.9,708.0912,695.16,2988026.0,695.16,1.0,0.0,GOOG
2016-03-08,685.34,688.59,703.79,693.97,2058471.0,693.97,1.0,0.0,GOOG
2016-03-09,694.0,698.47,705.68,705.24,1421515.0,705.24,1.0,0.0,GOOG
2016-03-10,703.36,708.12,716.44,712.82,2833525.0,712.82,1.0,0.0,GOOG
2016-03-11,717.125,720.0,726.92,726.82,1970815.0,726.82,1.0,0.0,GOOG
2016-03-14,725.15,726.81,735.5,730.49,1718252.0,730.49,1.0,0.0,GOOG
2016-03-15,724.77,726.92,732.29,728.33,1720965.0,728.33,1.0,0.0,GOOG
2016-03-16,724.51,726.37,737.47,736.09,1624370.0,736.09,1.0,0.0,GOOG
2016-03-17,736.0,736.45,743.07,737.78,1860834.0,737.78,1.0,0.0,GOOG
2016-03-18,731.83,741.86,742.0,737.6,2980709.0,737.6,1.0,0.0,GOOG
2016-03-21,733.5157,736.5,742.5,742.09,1836503.0,742.09,1.0,0.0,GOOG
2016-03-22,737.46,737.46,745.0,740.75,1269749.0,740.75,1.0,0.0,GOOG
2016-03-23,736.15,742.36,745.7199,738.06,1432099.0,738.06,1.0,0.0,GOOG
2016-03-24,731.0,732.01,737.747,735.3,1594891.0,735.3,1.0,0.0,GOOG
2016-03-28,732.5,736.79,738.99,733.53,1301327.0,733.53,1.0,0.0,GOOG
2016-03-29,728.76,734.59,747.25,744.77,1903758.0,744.77,1.0,0.0,GOOG
2016-03-30,748.74,750.1,757.88,750.53,1782427.0,750.53,1.0,0.0,GOOG
2016-03-31,740.94,749.25,750.85,744.95,1718798.0,744.95,1.0,0.0,GOOG
2016-04-01,737.0,738.6,750.34,749.91,1576745.0,749.91,1.0,0.0,GOOG
2016-04-04,742.43,750.06,752.8,745.29,1134390.0,745.29,1.0,0.0,GOOG
2016-04-05,735.37,738.0,742.8,737.8,1132294.0,737.8,1.0,0.0,GOOG
2016-04-06,735.56,735.77,746.24,745.69,1053713.0,745.69,1.0,0.0,GOOG
2016-04-07,736.28,745.37,746.9999,740.28,1453185.0,740.28,1.0,0.0,GOOG
2016-04-08,735.55,743.97,745.45,739.15,1290787.0,739.15,1.0,0.0,GOOG
2016-04-11,736.05,743.02,745.0,736.1,1220088.0,736.1,1.0,0.0,GOOG
2016-04-12,731.01,738.0,743.83,743.09,1352992.0,743.09,1.0,0.0,GOOG
2016-04-13,744.261,749.16,754.38,751.72,1707641.0,751.72,1.0,0.0,GOOG
2016-04-14,752.705,754.01,757.31,753.2,1135271.0,753.2,1.0,0.0,GOOG
2016-04-15,752.6938,753.98,761.0,759.0,1809332.0,759.0,1.0,0.0,GOOG
2016-04-18,757.3,760.46,768.05,766.61,1558848.0,766.61,1.0,0.0,GOOG
2016-04-19,749.33,769.51,769.9,753.93,2030526.0,753.93,1.0,0.0,GOOG
2016-04-20,750.01,758.0,758.1315,752.67,1529217.0,752.67,1.0,0.0,GOOG
2016-04-21,749.55,755.38,760.45,759.14,3060490.0,759.14,1.0,0.0,GOOG
2016-04-22,713.61,726.3,736.12,718.77,5951938.0,718.77,1.0,0.0,GOOG
2016-04-25,715.59,716.1,723.93,723.15,1959179.0,723.15,1.0,0.0,GOOG
2016-04-26,703.0264,725.42,725.766,708.14,2744587.0,708.14,1.0,0.0,GOOG
2016-04-27,692.3651,707.29,708.98,705.84,3098587.0,705.84,1.0,0.0,GOOG
2016-04-28,689.55,708.26,714.17,691.02,2867255.0,691.02,1.0,0.0,GOOG
2016-04-29,689.0,690.7,697.62,693.01,2487673.0,693.01,1.0,0.0,GOOG
2016-05-02,691.0,697.63,700.64,698.21,1645265.0,698.21,1.0,0.0,GOOG
2016-05-03,692.0,696.87,697.84,692.36,1543785.0,692.36,1.0,0.0,GOOG
2016-05-04,689.01,690.49,699.75,695.7,1693525.0,695.7,1.0,0.0,GOOG
2016-05-05,695.72,697.7,702.3199,701.43,1683507.0,701.43,1.0,0.0,GOOG
2016-05-06,698.1067,698.38,711.86,711.12,1829291.0,711.12,1.0,0.0,GOOG
2016-05-09,710.0,712.0,718.71,712.9,1510289.0,712.9,1.0,0.0,GOOG
2016-05-10,715.72,716.75,723.5,723.18,1569591.0,723.18,1.0,0.0,GOOG
2016-05-11,712.8,723.41,724.48,715.29,1692063.0,715.29,1.0,0.0,GOOG
2016-05-12,709.0,717.06,719.25,713.31,1361332.0,713.31,1.0,0.0,GOOG
2016-05-13,709.26,711.93,716.6619,710.83,1314499.0,710.83,1.0,0.0,GOOG
2016-05-16,705.65,709.13,718.48,716.49,1317069.0,716.49,1.0,0.0,GOOG
2016-05-17,704.11,715.99,721.52,706.23,2001225.0,706.23,1.0,0.0,GOOG
2016-05-18,700.63,703.67,711.6,706.63,1766836.0,706.63,1.0,0.0,GOOG
2016-05-19,696.8,702.36,706.0,700.32,1670234.0,700.32,1.0,0.0,GOOG
2016-05-20,700.52,701.62,714.58,709.74,1828387.0,709.74,1.0,0.0,GOOG
2016-05-23,704.18,706.53,711.4781,704.24,1330692.0,704.24,1.0,0.0,GOOG
2016-05-24,706.86,706.86,720.97,720.09,1929467.0,720.09,1.0,0.0,GOOG
2016-05-25,719.7047,720.76,727.51,725.27,1632564.0,725.27,1.0,0.0,GOOG
2016-05-26,720.28,722.87,728.33,724.12,1576286.0,724.12,1.0,0.0,GOOG
2016-05-27,724.0,724.01,733.936,732.66,1974962.0,732.66,1.0,0.0,GOOG
2016-05-31,731.26,731.74,739.73,735.72,2129545.0,735.72,1.0,0.0,GOOG
2016-06-01,730.66,734.53,737.21,734.15,1253593.0,734.15,1.0,0.0,GOOG
2016-06-02,724.17,732.5,733.02,730.4,1341807.0,730.4,1.0,0.0,GOOG
2016-06-03,720.56,729.27,729.49,722.34,1226253.0,722.34,1.0,0.0,GOOG
2016-06-06,714.61,724.91,724.91,716.55,1566059.0,716.55,1.0,0.0,GOOG
2016-06-07,716.55,719.84,721.98,716.65,1336754.0,716.65,1.0,0.0,GOOG
2016-06-08,720.58,723.96,728.57,728.28,1583701.0,728.28,1.0,0.0,GOOG
2016-06-09,722.3361,722.87,729.54,728.58,988914.0,728.58,1.0,0.0,GOOG
2016-06-10,716.43,719.47,725.89,719.41,1216443.0,719.41,1.0,0.0,GOOG
2016-06-13,716.51,716.51,725.44,718.36,1258930.0,718.36,1.0,0.0,GOOG
2016-06-14,713.12,716.48,722.47,718.27,1306065.0,718.27,1.0,0.0,GOOG
2016-06-15,717.31,719.0,722.98,718.92,1214517.0,718.92,1.0,0.0,GOOG
2016-06-16,703.26,714.91,716.65,710.36,1982471.0,710.36,1.0,0.0,GOOG
2016-06-17,688.4515,708.65,708.82,691.72,3402357.0,691.72,1.0,0.0,GOOG
2016-06-20,693.41,698.77,702.48,693.71,2082538.0,693.71,1.0,0.0,GOOG
2016-06-21,692.01,698.4,702.77,695.94,1465634.0,695.94,1.0,0.0,GOOG
2016-06-22,693.0819,699.06,700.86,697.46,1184318.0,697.46,1.0,0.0,GOOG
2016-06-23,687.0,697.45,701.95,701.87,2171415.0,701.87,1.0,0.0,GOOG
2016-06-24,673.45,675.17,689.4,675.22,4449022.0,675.22,1.0,0.0,GOOG
2016-06-27,663.284,671.0,672.3,668.26,2641085.0,668.26,1.0,0.0,GOOG
2016-06-28,673.0,678.97,680.33,680.04,2173762.0,680.04,1.0,0.0,GOOG
2016-06-29,681.41,683.0,687.4292,684.11,1932561.0,684.11,1.0,0.0,GOOG
2016-06-30,683.65,685.47,692.32,692.1,1597714.0,692.1,1.0,0.0,GOOG
2016-07-01,692.1301,692.2,700.65,699.21,1344710.0,699.21,1.0,0.0,GOOG
2016-07-05,688.88,696.06,696.94,694.49,1462616.0,694.49,1.0,0.0,GOOG
2016-07-06,689.09,689.98,701.68,697.77,1411925.0,697.77,1.0,0.0,GOOG
2016-07-07,688.215,698.08,698.2,695.36,1304200.0,695.36,1.0,0.0,GOOG
2016-07-08,696.435,699.5,705.71,705.63,1575166.0,705.63,1.0,0.0,GOOG
2016-07-11,707.24,708.05,716.51,715.09,1111762.0,715.09,1.0,0.0,GOOG
2016-07-12,715.91,719.12,722.94,720.64,1336921.0,720.64,1.0,0.0,GOOG
2016-07-13,716.85,723.62,724.0,716.98,935876.0,716.98,1.0,0.0,GOOG
2016-07-14,718.03,721.58,722.21,720.95,950193.0,720.95,1.0,0.0,GOOG
2016-07-15,719.055,725.73,725.74,719.85,1279339.0,719.85,1.0,0.0,GOOG
2016-07-18,721.19,722.71,736.13,733.78,1295476.0,733.78,1.0,0.0,GOOG
2016-07-19,729.0,729.89,736.99,736.96,1227486.0,736.96,1.0,0.0,GOOG
2016-07-20,737.1,737.33,742.13,741.19,1289671.0,741.19,1.0,0.0,GOOG
2016-07-21,735.831,740.36,741.69,738.63,1026306.0,738.63,1.0,0.0,GOOG
2016-07-22,736.56,741.86,743.24,742.74,1259823.0,742.74,1.0,0.0,GOOG
2016-07-25,737.5,740.67,742.61,739.77,1032432.0,739.77,1.0,0.0,GOOG
2016-07-26,734.27,739.04,741.69,738.42,1186738.0,738.42,1.0,0.0,GOOG
2016-07-27,737.0,738.28,744.46,741.77,1512517.0,741.77,1.0,0.0,GOOG
2016-07-28,739.3,747.04,748.65,745.91,3530169.0,745.91,1.0,0.0,GOOG
2016-07-29,766.77,772.71,778.55,768.79,3841482.0,768.79,1.0,0.0,GOOG
2016-08-01,761.09,761.09,780.43,772.88,2700470.0,772.88,1.0,0.0,GOOG
2016-08-02,767.85,768.69,775.84,771.07,1784525.0,771.07,1.0,0.0,GOOG
2016-08-03,766.82,767.18,773.21,773.18,1287421.0,773.18,1.0,0.0,GOOG
2016-08-04,768.795,772.22,774.07,771.61,1140254.0,771.61,1.0,0.0,GOOG
2016-08-05,772.34,773.78,783.04,782.22,1801205.0,782.22,1.0,0.0,GOOG
2016-08-08,778.091,782.0,782.63,781.76,1107857.0,781.76,1.0,0.0,GOOG
2016-08-09,780.57,781.1,788.94,784.26,1318894.0,784.26,1.0,0.0,GOOG
2016-08-10,782.778,783.75,786.8123,784.68,786363.0,784.68,1.0,0.0,GOOG
2016-08-11,782.97,785.0,789.75,784.85,975113.0,784.85,1.0,0.0,GOOG
2016-08-12,780.4,781.5,783.395,783.22,740498.0,783.22,1.0,0.0,GOOG
2016-08-15,780.11,783.75,787.49,782.44,938186.0,782.44,1.0,0.0,GOOG
2016-08-16,773.444,780.3,780.98,777.14,1028047.0,777.14,1.0,0.0,GOOG
2016-08-17,773.53,777.32,780.81,779.91,924226.0,779.91,1.0,0.0,GOOG
2016-08-18,777.0,780.01,782.86,777.5,719429.0,777.5,1.0,0.0,GOOG
2016-08-19,773.13,775.0,777.1,775.42,861546.0,775.42,1.0,0.0,GOOG
2016-08-22,770.0502,773.27,774.54,772.15,951362.0,772.15,1.0,0.0,GOOG
2016-08-23,771.785,775.48,776.44,772.08,928232.0,772.08,1.0,0.0,GOOG
2016-08-24,767.07,770.58,774.5,769.64,1071999.0,769.64,1.0,0.0,GOOG
2016-08-25,763.1846,767.0,771.89,769.41,926883.0,769.41,1.0,0.0,GOOG
2016-08-26,765.85,769.0,776.0799,769.54,1166681.0,769.54,1.0,0.0,GOOG
2016-08-29,766.615,768.74,774.99,772.15,847565.0,772.15,1.0,0.0,GOOG
2016-08-30,766.84,769.33,774.466,769.09,1130029.0,769.09,1.0,0.0,GOOG
2016-08-31,765.38,767.01,769.09,767.05,1248556.0,767.05,1.0,0.0,GOOG
2016-09-01,764.3,769.25,771.02,768.78,925131.0,768.78,1.0,0.0,GOOG
2016-09-02,768.41,773.01,773.9199,771.46,1072658.0,771.46,1.0,0.0,GOOG
2016-09-06,771.0,773.45,782.0,780.08,1442822.0,780.08,1.0,0.0,GOOG
2016-09-07,776.2,780.0,782.73,780.35,894021.0,780.35,1.0,0.0,GOOG
2016-09-08,773.58,778.59,780.35,775.32,1270264.0,775.32,1.0,0.0,GOOG
2016-09-09,759.66,770.1,773.245,759.66,1885496.0,759.66,1.0,0.0,GOOG
2016-09-12,754.0001,755.13,770.29,769.02,1310986.0,769.02,1.0,0.0,GOOG
2016-09-13,755.8,764.48,766.2195,759.69,1395046.0,759.69,1.0,0.0,GOOG
2016-09-14,759.11,759.61,767.68,762.49,1094490.0,762.49,1.0,0.0,GOOG
2016-09-15,759.96,762.89,773.8,771.76,1346751.0,771.76,1.0,0.0,GOOG
2016-09-16,764.66,769.75,769.75,768.88,2049338.0,768.88,1.0,0.0,GOOG
2016-09-19,764.4406,772.42,774.0,765.7,1172824.0,765.7,1.0,0.0,GOOG
2016-09-20,768.53,769.0,773.33,771.41,978631.0,771.41,1.0,0.0,GOOG
2016-09-21,768.301,772.66,777.16,776.22,1167810.0,776.22,1.0,0.0,GOOG
2016-09-22,778.44,780.0,789.85,787.21,1486223.0,787.21,1.0,0.0,GOOG
2016-09-23,784.15,786.59,788.93,786.9,1411937.0,786.9,1.0,0.0,GOOG
2016-09-26,773.07,782.74,782.74,774.21,1533206.0,774.21,1.0,0.0,GOOG
2016-09-27,774.308,775.5,785.9899,783.01,1153247.0,783.01,1.0,0.0,GOOG
2016-09-28,774.97,777.85,781.81,781.56,1109834.0,781.56,1.0,0.0,GOOG
2016-09-29,774.232,781.44,785.8,775.01,1314746.0,775.01,1.0,0.0,GOOG
2016-09-30,774.09,776.33,780.94,777.29,1585333.0,777.29,1.0,0.0,GOOG
2016-10-03,769.5,774.25,776.065,772.56,1278821.0,772.56,1.0,0.0,GOOG
2016-10-04,772.89,776.03,778.71,776.43,1201350.0,776.43,1.0,0.0,GOOG
2016-10-05,775.65,779.31,782.07,776.47,1461151.0,776.47,1.0,0.0,GOOG
2016-10-06,775.54,779.0,780.48,776.86,1070692.0,776.86,1.0,0.0,GOOG
2016-10-07,770.75,779.66,779.66,775.08,933158.0,775.08,1.0,0.0,GOOG
2016-10-10,775.87,777.71,789.38,785.94,1174923.0,785.94,1.0,0.0,GOOG
2016-10-11,780.58,786.66,792.28,783.07,1372461.0,783.07,1.0,0.0,GOOG
2016-10-12,782.06,783.76,788.13,786.14,937435.0,786.14,1.0,0.0,GOOG
2016-10-13,773.0,781.22,781.22,778.19,1365277.0,778.19,1.0,0.0,GOOG
2016-10-14,776.0,781.65,783.95,778.53,852487.0,778.53,1.0,0.0,GOOG
2016-10-17,777.5,779.8,785.85,779.96,1092973.0,779.96,1.0,0.0,GOOG
2016-10-18,785.565,787.85,801.61,795.26,2056903.0,795.26,1.0,0.0,GOOG
2016-10-19,797.635,798.86,804.63,801.56,1766798.0,801.56,1.0,0.0,GOOG
2016-10-20,796.03,803.3,803.97,796.97,1757528.0,796.97,1.0,0.0,GOOG
2016-10-21,794.0,795.0,799.5,799.37,1266181.0,799.37,1.0,0.0,GOOG
2016-10-24,804.82,804.9,815.18,813.11,1697514.0,813.11,1.0,0.0,GOOG
2016-10-25,805.14,816.68,816.68,807.67,1576404.0,807.67,1.0,0.0,GOOG
2016-10-26,796.32,806.34,806.98,799.07,1647733.0,799.07,1.0,0.0,GOOG
2016-10-27,791.5,801.0,803.49,795.35,2749221.0,795.35,1.0,0.0,GOOG
2016-10-28,793.59,808.35,815.49,795.37,4269902.0,795.37,1.0,0.0,GOOG
2016-10-31,784.0,795.47,796.86,784.54,2427284.0,784.54,1.0,0.0,GOOG
2016-11-01,775.54,782.89,789.49,783.61,2406356.0,783.61,1.0,0.0,GOOG
2016-11-02,763.4496,778.2,781.65,768.7,1918414.0,768.7,1.0,0.0,GOOG
2016-11-03,759.03,767.25,769.95,762.13,1943175.0,762.13,1.0,0.0,GOOG
2016-11-04,750.5611,750.66,770.36,762.02,2134812.0,762.02,1.0,0.0,GOOG
2016-11-07,772.55,774.5,785.19,782.52,1585070.0,782.52,1.0,0.0,GOOG
2016-11-08,780.19,783.4,795.633,790.51,1366873.0,790.51,1.0,0.0,GOOG
2016-11-09,771.67,779.94,791.2265,785.31,2607121.0,785.31,1.0,0.0,GOOG
2016-11-10,752.18,791.17,791.17,762.56,4745183.0,762.56,1.0,0.0,GOOG
2016-11-11,750.38,756.54,760.78,754.02,2431815.0,754.02,1.0,0.0,GOOG
2016-11-14,727.54,755.6,757.85,736.08,3654385.0,736.08,1.0,0.0,GOOG
2016-11-15,746.97,746.97,764.4162,758.49,2384001.0,758.49,1.0,0.0,GOOG
2016-11-16,750.51,755.2,766.36,764.48,1472594.0,764.48,1.0,0.0,GOOG
2016-11-17,764.23,766.92,772.7,771.23,1304048.0,771.23,1.0,0.0,GOOG
2016-11-18,760.0,771.37,775.0,760.54,1547145.0,760.54,1.0,0.0,GOOG
2016-11-21,760.6,762.61,769.7,769.2,1330639.0,769.2,1.0,0.0,GOOG
2016-11-22,767.0,772.63,776.96,768.27,1593108.0,768.27,1.0,0.0,GOOG
2016-11-23,755.25,767.73,768.2825,760.99,1478417.0,760.99,1.0,0.0,GOOG
2016-11-25,760.52,764.26,765.0,761.68,587421.0,761.68,1.0,0.0,GOOG
2016-11-28,759.8,760.0,779.53,768.24,2188151.0,768.24,1.0,0.0,GOOG
2016-11-29,768.24,771.53,778.5,770.84,1616618.0,770.84,1.0,0.0,GOOG
2016-11-30,754.83,770.07,772.99,758.04,2392890.0,758.04,1.0,0.0,GOOG
2016-12-01,737.0245,757.44,759.85,747.92,3017947.0,747.92,1.0,0.0,GOOG
2016-12-02,743.1,744.59,754.0,750.5,1452484.0,750.5,1.0,0.0,GOOG
2016-12-05,752.9,757.71,763.9,762.52,1394223.0,762.52,1.0,0.0,GOOG
2016-12-06,757.34,764.73,768.83,759.11,1690689.0,759.11,1.0,0.0,GOOG
2016-12-07,755.8,761.0,771.36,771.19,1760966.0,771.19,1.0,0.0,GOOG
2016-12-08,767.23,772.48,778.18,776.42,1488059.0,776.42,1.0,0.0,GOOG
2016-12-09,779.021,780.0,789.43,789.29,1821914.0,789.29,1.0,0.0,GOOG
2016-12-12,784.3554,785.04,791.25,789.27,2104117.0,789.27,1.0,0.0,GOOG
2016-12-13,793.34,793.9,804.3799,796.1,2145209.0,796.1,1.0,0.0,GOOG
2016-12-14,794.01,797.4,804.0,797.07,1704150.0,797.07,1.0,0.0,GOOG
2016-12-15,792.92,797.34,803.0,797.85,1626499.0,797.85,1.0,0.0,GOOG
2016-12-16,790.29,800.4,800.8558,790.8,2443796.0,790.8,1.0,0.0,GOOG
2016-12-19,786.27,790.22,797.66,794.2,1232087.0,794.2,1.0,0.0,GOOG
2016-12-20,793.27,796.76,798.65,796.42,951014.0,796.42,1.0,0.0,GOOG
2016-12-21,787.1,795.84,796.6757,794.56,1211346.0,794.56,1.0,0.0,GOOG
2016-12-22,788.58,792.36,793.32,791.26,972169.0,791.26,1.0,0.0,GOOG
2016-12-23,787.28,790.9,792.74,789.91,623944.0,789.91,1.0,0.0,GOOG
2016-12-27,787.657,790.68,797.86,791.55,789321.0,791.55,1.0,0.0,GOOG
2016-12-28,783.2,793.7,794.23,785.05,1153824.0,785.05,1.0,0.0,GOOG
2016-12-29,778.92,783.33,785.93,782.79,744272.0,782.79,1.0,0.0,GOOG
2016-12-30,770.41,782.75,782.78,771.82,1769950.0,771.82,1.0,0.0,GOOG
2017-01-03,775.8,778.81,789.63,786.14,1657268.0,786.14,1.0,0.0,GOOG
2017-01-04,783.16,788.36,791.34,786.9,1072958.0,786.9,1.0,0.0,GOOG
2017-01-05,785.02,786.08,794.48,794.02,1335167.0,794.02,1.0,0.0,GOOG
2017-01-06,792.2041,795.26,807.9,806.15,1640170.0,806.15,1.0,0.0,GOOG
2017-01-09,802.83,806.4,809.9664,806.65,1274645.0,806.65,1.0,0.0,GOOG
2017-01-10,803.51,807.86,809.1299,804.79,1176780.0,804.79,1.0,0.0,GOOG
2017-01-11,801.37,805.0,808.15,807.91,1065936.0,807.91,1.0,0.0,GOOG
2017-01-12,799.17,807.14,807.39,806.36,1353057.0,806.36,1.0,0.0,GOOG
2017-01-13,806.69,807.48,811.2244,807.88,1099215.0,807.88,1.0,0.0,GOOG
2017-01-17,800.37,807.08,807.14,804.61,1362115.0,804.61,1.0,0.0,GOOG
2017-01-18,800.99,805.81,806.205,806.07,1294407.0,806.07,1.0,0.0,GOOG
2017-01-19,801.8,805.12,809.48,802.175,919325.0,802.175,1.0,0.0,GOOG
2017-01-20,801.69,806.91,806.91,805.02,1670045.0,805.02,1.0,0.0,GOOG
2017-01-23,803.74,807.25,820.87,819.31,1963628.0,819.31,1.0,0.0,GOOG
2017-01-24,817.821,822.3,825.9,823.87,1474010.0,823.87,1.0,0.0,GOOG
2017-01-25,825.06,829.62,835.77,835.67,1627304.0,835.67,1.0,0.0,GOOG
2017-01-26,827.01,837.81,838.0,832.15,2973891.0,832.15,1.0,0.0,GOOG
2017-01-27,820.44,834.71,841.95,823.31,2965771.0,823.31,1.0,0.0,GOOG
2017-01-30,799.8,814.66,815.84,802.32,3246573.0,802.32,1.0,0.0,GOOG
2017-01-31,790.52,796.86,801.25,796.79,2160556.0,796.79,1.0,0.0,GOOG
2017-02-01,791.19,799.68,801.19,795.695,2029744.0,795.695,1.0,0.0,GOOG
2017-02-02,792.0,793.8,802.7,798.53,1532138.0,798.53,1.0,0.0,GOOG
2017-02-03,800.37,802.99,806.0,801.49,1463448.0,801.49,1.0,0.0,GOOG
2017-02-06,795.2501,799.7,801.67,801.34,1184483.0,801.34,1.0,0.0,GOOG
2017-02-07,801.78,803.99,810.5,806.97,1241221.0,806.97,1.0,0.0,GOOG
2017-02-08,803.1903,807.0,811.84,808.38,1155990.0,808.38,1.0,0.0,GOOG
2017-02-09,804.54,809.51,810.66,809.56,990391.0,809.56,1.0,0.0,GOOG
2017-02-10,809.78,811.7,815.25,813.67,1134976.0,813.67,1.0,0.0,GOOG
2017-02-13,815.49,816.0,820.959,819.24,1213324.0,819.24,1.0,0.0,GOOG
2017-02-14,816.0,819.0,823.0,820.45,1054732.0,820.45,1.0,0.0,GOOG
2017-02-15,818.47,819.36,823.0,818.98,1313617.0,818.98,1.0,0.0,GOOG
2017-02-16,818.98,819.93,824.4,824.16,1287626.0,824.16,1.0,0.0,GOOG
2017-02-17,821.655,823.02,828.07,828.07,1611039.0,828.07,1.0,0.0,GOOG
2017-02-21,828.35,828.66,833.45,831.66,1262337.0,831.66,1.0,0.0,GOOG
2017-02-22,828.64,828.66,833.25,830.76,987248.0,830.76,1.0,0.0,GOOG
2017-02-23,822.88,830.12,832.46,831.33,1472771.0,831.33,1.0,0.0,GOOG
2017-02-24,824.2,827.73,829.0,828.64,1392202.0,828.64,1.0,0.0,GOOG
2017-02-27,824.0,824.55,830.5,829.28,1101466.0,829.28,1.0,0.0,GOOG
2017-02-28,820.2,825.61,828.54,823.21,2260769.0,823.21,1.0,0.0,GOOG
2017-03-01,827.26,828.85,836.255,835.24,1496540.0,835.24,1.0,0.0,GOOG
2017-03-02,829.64,833.85,834.51,830.63,942476.0,830.63,1.0,0.0,GOOG
2017-03-03,825.751,830.56,831.36,829.08,896378.0,829.08,1.0,0.0,GOOG
2017-03-06,822.4,826.95,828.88,827.78,1109037.0,827.78,1.0,0.0,GOOG
2017-03-07,826.52,827.4,833.41,831.91,1037630.0,831.91,1.0,0.0,GOOG
2017-03-08,831.79,833.51,838.15,835.37,989773.0,835.37,1.0,0.0,GOOG
2017-03-09,834.21,836.0,842.0,838.68,1261517.0,838.68,1.0,0.0,GOOG
2017-03-10,839.5,843.28,844.91,843.25,1704024.0,843.25,1.0,0.0,GOOG
2017-03-13,843.25,844.0,848.685,845.54,1223647.0,845.54,1.0,0.0,GOOG
2017-03-14,840.8,843.64,847.24,845.62,780198.0,845.62,1.0,0.0,GOOG
2017-03-15,840.77,847.59,848.63,847.2,1381474.0,847.2,1.0,0.0,GOOG
2017-03-16,846.13,849.03,850.85,848.78,977560.0,848.78,1.0,0.0,GOOG
2017-03-17,847.11,851.61,853.4,852.12,1716471.0,852.12,1.0,0.0,GOOG
2017-03-20,845.15,850.01,850.22,848.4,1231521.0,848.4,1.0,0.0,GOOG
2017-03-21,829.02,851.4,853.5,830.46,2463484.0,830.46,1.0,0.0,GOOG
2017-03-22,827.1801,831.91,835.55,829.59,1401465.0,829.59,1.0,0.0,GOOG
2017-03-23,812.257,821.0,822.57,817.58,3487056.0,817.58,1.0,0.0,GOOG
2017-03-24,808.89,820.08,821.93,814.43,1981006.0,814.43,1.0,0.0,GOOG
2017-03-27,803.37,806.95,821.63,819.51,1894990.0,819.51,1.0,0.0,GOOG
2017-03-28,814.027,820.41,825.99,820.92,1620542.0,820.92,1.0,0.0,GOOG
2017-03-29,822.3801,825.0,832.765,831.41,1786321.0,831.41,1.0,0.0,GOOG
2017-03-30,829.0,833.5,833.68,831.5,1055339.0,831.5,1.0,0.0,GOOG
2017-03-31,827.39,828.97,831.64,829.56,1401893.0,829.56,1.0,0.0,GOOG
2017-04-03,829.22,829.22,840.85,838.55,1671503.0,838.55,1.0,0.0,GOOG
2017-04-04,829.036,831.36,835.18,834.57,1045363.0,834.57,1.0,0.0,GOOG
2017-04-05,830.72,835.51,842.45,831.41,1555328.0,831.41,1.0,0.0,GOOG
2017-04-06,826.46,832.4,836.39,827.88,1254433.0,827.88,1.0,0.0,GOOG
2017-04-07,820.513,827.96,828.485,824.67,1056692.0,824.67,1.0,0.0,GOOG
2017-04-10,823.77,825.39,829.35,824.73,978905.0,824.73,1.0,0.0,GOOG
2017-04-11,817.02,824.71,827.427,823.35,1079732.0,823.35,1.0,0.0,GOOG
2017-04-12,821.02,821.93,826.66,824.32,900480.0,824.32,1.0,0.0,GOOG
2017-04-13,821.44,822.14,826.38,823.56,1122362.0,823.56,1.0,0.0,GOOG
2017-04-17,824.47,825.01,837.75,837.17,895015.0,837.17,1.0,0.0,GOOG
2017-04-18,832.71,834.22,838.93,836.82,836722.0,836.82,1.0,0.0,GOOG
2017-04-19,836.29,839.79,842.22,838.21,954330.0,838.21,1.0,0.0,GOOG
2017-04-20,839.32,841.44,845.2,841.65,959031.0,841.65,1.0,0.0,GOOG
2017-04-21,840.6,842.88,843.88,843.19,1323583.0,843.19,1.0,0.0,GOOG
2017-04-24,849.86,851.2,863.45,862.76,1371581.0,862.76,1.0,0.0,GOOG
2017-04-25,862.81,865.0,875.0,872.3,1654161.0,872.3,1.0,0.0,GOOG
2017-04-26,867.748,874.23,876.05,871.73,1188464.0,871.73,1.0,0.0,GOOG
2017-04-27,870.38,873.6,875.4,874.25,1734197.0,874.25,1.0,0.0,GOOG
2017-04-28,905.77,910.66,916.85,905.96,3160585.0,905.96,1.0,0.0,GOOG
2017-05-01,901.45,901.94,915.68,912.57,2100457.0,912.57,1.0,0.0,GOOG
2017-05-02,909.453,909.62,920.77,916.44,1520766.0,916.44,1.0,0.0,GOOG
2017-05-03,912.543,914.86,928.1,927.04,1477329.0,927.04,1.0,0.0,GOOG
2017-05-04,924.59,926.07,935.93,931.66,1405844.0,931.66,1.0,0.0,GOOG
2017-05-05,925.2,933.54,934.9,927.13,1904731.0,927.13,1.0,0.0,GOOG
2017-05-08,925.26,926.12,936.925,934.3,1319052.0,934.3,1.0,0.0,GOOG
2017-05-09,929.53,936.95,937.5,932.17,1575628.0,932.17,1.0,0.0,GOOG
2017-05-10,925.16,931.98,932.0,928.78,1170055.0,928.78,1.0,0.0,GOOG
2017-05-11,923.03,925.32,932.53,930.6,830838.0,930.6,1.0,0.0,GOOG
2017-05-12,927.85,931.53,933.44,932.22,1038409.0,932.22,1.0,0.0,GOOG
2017-05-15,929.34,932.95,938.25,937.08,1094283.0,937.08,1.0,0.0,GOOG
2017-05-16,937.58,940.0,943.11,943.0,956692.0,943.0,1.0,0.0,GOOG
2017-05-17,918.14,935.67,939.333,919.62,2323389.0,919.62,1.0,0.0,GOOG
2017-05-18,918.75,921.0,933.17,930.24,1586465.0,930.24,1.0,0.0,GOOG
2017-05-19,931.0,931.47,937.755,934.01,1382221.0,934.01,1.0,0.0,GOOG
2017-05-22,935.0,935.0,941.883,941.86,1092176.0,941.86,1.0,0.0,GOOG
2017-05-23,942.575,947.92,951.467,948.82,1259285.0,948.82,1.0,0.0,GOOG
2017-05-24,949.5,952.98,955.09,954.96,990248.0,954.96,1.0,0.0,GOOG
2017-05-25,955.47,957.33,972.629,969.54,1645873.0,969.54,1.0,0.0,GOOG
2017-05-26,965.03,969.7,974.98,971.47,1246186.0,971.47,1.0,0.0,GOOG
2017-05-30,969.49,970.31,976.2,975.88,1455686.0,975.88,1.0,0.0,GOOG
2017-05-31,960.18,975.02,979.27,964.86,2426589.0,964.86,1.0,0.0,GOOG
2017-06-01,960.01,968.95,971.5,966.95,1403200.0,966.95,1.0,0.0,GOOG
2017-06-02,966.0,969.46,975.88,975.6,1717212.0,975.6,1.0,0.0,GOOG
2017-06-05,975.1,976.55,986.91,983.68,1221971.0,983.68,1.0,0.0,GOOG
2017-06-06,975.14,983.16,988.25,976.57,1796904.0,976.57,1.0,0.0,GOOG
2017-06-07,975.94,980.0,983.98,980.94,1429834.0,980.94,1.0,0.0,GOOG
2017-06-08,977.2,982.35,984.57,983.41,1451232.0,983.41,1.0,0.0,GOOG
2017-06-09,935.63,984.5,984.5,949.83,3270248.0,949.83,1.0,0.0,GOOG
2017-06-12,915.233,939.56,949.355,942.9,3731589.0,942.9,1.0,0.0,GOOG
2017-06-13,944.09,951.91,959.98,953.4,1995350.0,953.4,1.0,0.0,GOOG
2017-06-14,942.25,959.92,961.15,950.76,1477033.0,950.76,1.0,0.0,GOOG
2017-06-15,924.44,933.97,943.339,942.31,2055953.0,942.31,1.0,0.0,GOOG
2017-06-16,931.595,940.0,942.04,939.78,2921393.0,939.78,1.0,0.0,GOOG
2017-06-19,949.05,949.96,959.99,957.37,1494191.0,957.37,1.0,0.0,GOOG
2017-06-20,950.01,957.52,961.62,950.63,1111840.0,950.63,1.0,0.0,GOOG
2017-06-21,950.76,953.64,960.1,959.45,1192342.0,959.45,1.0,0.0,GOOG
2017-06-22,954.55,958.7,960.72,957.09,940373.0,957.09,1.0,0.0,GOOG
2017-06-23,954.2,956.83,966.0,965.59,1394008.0,965.59,1.0,0.0,GOOG
2017-06-26,950.79,969.9,973.31,952.27,1581031.0,952.27,1.0,0.0,GOOG
2017-06-27,926.85,942.46,948.29,927.33,2553771.0,927.33,1.0,0.0,GOOG
2017-06-28,916.0,929.0,942.75,940.49,2712222.0,940.49,1.0,0.0,GOOG
2017-06-29,910.62,929.92,931.26,917.79,3248393.0,917.79,1.0,0.0,GOOG
2017-06-30,908.31,926.05,926.05,908.73,2035931.0,908.73,1.0,0.0,GOOG
2017-07-03,894.79,912.18,913.94,898.7,1710189.0,898.7,1.0,0.0,GOOG
2017-07-05,898.5,901.76,914.51,911.71,1743497.0,911.71,1.0,0.0,GOOG
2017-07-06,899.7,904.12,914.9444,906.69,1409533.0,906.69,1.0,0.0,GOOG
2017-07-07,908.85,908.85,921.54,918.59,1588034.0,918.59,1.0,0.0,GOOG
2017-07-10,919.59,921.77,930.38,928.8,1189085.0,928.8,1.0,0.0,GOOG
2017-07-11,922.0,929.54,931.43,930.09,1093281.0,930.09,1.0,0.0,GOOG
2017-07-12,934.47,938.68,946.3,943.83,1505982.0,943.83,1.0,0.0,GOOG
2017-07-13,943.01,946.29,954.45,947.16,1291782.0,947.16,1.0,0.0,GOOG
2017-07-14,948.005,952.0,956.91,955.99,1017632.0,955.99,1.0,0.0,GOOG
2017-07-17,949.241,957.0,960.74,953.42,1141026.0,953.42,1.0,0.0,GOOG
2017-07-18,950.6,953.0,968.04,965.4,1131130.0,965.4,1.0,0.0,GOOG
2017-07-19,964.03,967.84,973.04,970.89,1212814.0,970.89,1.0,0.0,GOOG
2017-07-20,961.51,975.0,975.9,968.15,1577103.0,968.15,1.0,0.0,GOOG
2017-07-21,960.15,962.25,973.23,972.92,1665103.0,972.92,1.0,0.0,GOOG
2017-07-24,970.77,972.22,986.2,980.34,2634669.0,980.34,1.0,0.0,GOOG
2017-07-25,945.4,953.81,959.7,950.7,4626086.0,950.7,1.0,0.0,GOOG
2017-07-26,942.279,954.68,955.0,947.8,2056013.0,947.8,1.0,0.0,GOOG
2017-07-27,920.0,951.78,951.78,934.09,3095263.0,934.09,1.0,0.0,GOOG
2017-07-28,927.5,929.4,943.83,941.53,1775076.0,941.53,1.0,0.0,GOOG
2017-07-31,926.04,941.89,943.59,930.5,1952716.0,930.5,1.0,0.0,GOOG
2017-08-01,929.26,932.38,937.447,930.83,1211553.0,930.83,1.0,0.0,GOOG
2017-08-02,916.68,928.61,932.6,930.39,1816343.0,930.39,1.0,0.0,GOOG
2017-08-03,922.24,930.34,932.24,923.65,1179126.0,923.65,1.0,0.0,GOOG
2017-08-04,923.03,926.75,930.307,927.96,1019159.0,927.96,1.0,0.0,GOOG
2017-08-07,926.5,929.06,931.7,929.36,1012296.0,929.36,1.0,0.0,GOOG
2017-08-08,925.61,927.09,935.814,926.79,1039394.0,926.79,1.0,0.0,GOOG
2017-08-09,917.25,920.61,925.98,922.9,1169431.0,922.9,1.0,0.0,GOOG
2017-08-10,906.13,917.55,919.26,907.24,1722296.0,907.24,1.0,0.0,GOOG
2017-08-11,905.58,907.97,917.78,914.39,1190458.0,914.39,1.0,0.0,GOOG
2017-08-14,918.19,922.53,924.668,922.67,1047828.0,922.67,1.0,0.0,GOOG
2017-08-15,919.82,924.23,926.55,922.22,873070.0,922.22,1.0,0.0,GOOG
2017-08-16,923.445,925.29,932.7,926.96,988604.0,926.96,1.0,0.0,GOOG
2017-08-17,910.98,925.78,926.86,910.98,1218963.0,910.98,1.0,0.0,GOOG
2017-08-18,907.154,910.31,915.275,910.67,1333572.0,910.67,1.0,0.0,GOOG
2017-08-21,903.4,910.0,913.0,906.66,932903.0,906.66,1.0,0.0,GOOG
2017-08-22,911.475,912.72,925.86,924.69,1145571.0,924.69,1.0,0.0,GOOG
2017-08-23,919.36,921.93,929.93,927.0,1077809.0,927.0,1.0,0.0,GOOG
2017-08-24,915.5,928.66,930.84,921.28,1218875.0,921.28,1.0,0.0,GOOG
2017-08-25,915.5,923.49,925.555,915.89,1040693.0,915.89,1.0,0.0,GOOG
2017-08-28,911.87,916.0,919.245,913.81,1072467.0,913.81,1.0,0.0,GOOG
2017-08-29,905.0,905.1,923.33,921.29,1180160.0,921.29,1.0,0.0,GOOG
2017-08-30,919.65,920.05,930.819,929.57,1282093.0,929.57,1.0,0.0,GOOG
2017-08-31,931.76,931.76,941.98,939.33,1553301.0,939.33,1.0,0.0,GOOG
2017-09-01,935.15,941.13,942.48,937.34,913404.0,937.34,1.0,0.0,GOOG
2017-09-05,921.96,933.08,937.0,928.45,1202163.0,928.45,1.0,0.0,GOOG
2017-09-06,919.27,930.15,930.915,927.81,1468808.0,927.81,1.0,0.0,GOOG
2017-09-07,923.62,931.73,936.41,935.95,1200257.0,935.95,1.0,0.0,GOOG
2017-09-08,924.88,936.49,936.99,926.5,993832.0,926.5,1.0,0.0,GOOG
2017-09-11,926.92,934.25,938.38,929.08,1247138.0,929.08,1.0,0.0,GOOG
2017-09-12,923.861,932.59,933.48,932.07,1120449.0,932.07,1.0,0.0,GOOG
2017-09-13,929.86,930.66,937.25,935.09,1066051.0,935.09,1.0,0.0,GOOG
2017-09-14,924.0,931.25,932.77,925.11,1389012.0,925.11,1.0,0.0,GOOG
2017-09-15,916.36,924.66,926.49,920.29,2475031.0,920.29,1.0,0.0,GOOG
2017-09-18,910.6,920.01,922.08,915.0,1263456.0,915.0,1.0,0.0,GOOG
2017-09-19,912.55,917.42,922.42,921.81,902415.0,921.81,1.0,0.0,GOOG
2017-09-20,922.0,922.98,933.88,931.58,1518166.0,931.58,1.0,0.0,GOOG
2017-09-21,923.83,933.0,936.53,932.45,1207656.0,932.45,1.0,0.0,GOOG
2017-09-22,926.48,927.75,934.73,928.53,1038551.0,928.53,1.0,0.0,GOOG
2017-09-25,909.7,925.45,926.4,920.97,1822881.0,920.97,1.0,0.0,GOOG
2017-09-26,921.14,923.72,930.82,924.86,1652848.0,924.86,1.0,0.0,GOOG
2017-09-27,927.74,927.74,949.9,944.49,2202959.0,944.49,1.0,0.0,GOOG
2017-09-28,940.55,941.36,950.69,949.5,959648.0,949.5,1.0,0.0,GOOG
2017-09-29,951.51,952.0,959.786,959.11,1533133.0,959.11,1.0,0.0,GOOG
2017-10-02,947.84,959.98,962.54,953.27,1222026.0,953.27,1.0,0.0,GOOG
2017-10-03,949.14,954.0,958.0,957.79,881562.0,957.79,1.0,0.0,GOOG
2017-10-04,950.69,957.0,960.39,951.68,881380.0,951.68,1.0,0.0,GOOG
2017-10-05,955.18,955.49,970.91,969.96,1202101.0,969.96,1.0,0.0,GOOG
2017-10-06,963.36,966.7,979.46,978.89,1142699.0,978.89,1.0,0.0,GOOG
2017-10-09,976.11,980.0,985.425,977.0,886700.0,977.0,1.0,0.0,GOOG
2017-10-10,966.08,980.0,981.57,972.6,956419.0,972.6,1.0,0.0,GOOG
2017-10-11,972.25,973.72,990.71,989.25,1663731.0,989.25,1.0,0.0,GOOG
2017-10-12,985.0,987.45,994.12,987.83,1259082.0,987.83,1.0,0.0,GOOG
2017-10-13,989.0,992.0,997.21,989.68,1143907.0,989.68,1.0,0.0,GOOG
2017-10-16,984.0,992.1,993.907,992.0,900751.0,992.0,1.0,0.0,GOOG
2017-10-17,988.59,990.29,996.44,992.18,1266399.0,992.18,1.0,0.0,GOOG
2017-10-18,986.975,991.77,996.72,992.81,1022521.0,992.81,1.0,0.0,GOOG
2017-10-19,978.39,986.0,988.88,984.45,1282755.0,984.45,1.0,0.0,GOOG
2017-10-20,984.58,989.44,991.0,988.2,1120038.0,988.2,1.0,0.0,GOOG
2017-10-23,966.12,989.52,989.52,968.45,1431886.0,968.45,1.0,0.0,GOOG
2017-10-24,961.0,970.0,972.23,970.54,1155231.0,970.54,1.0,0.0,GOOG
2017-10-25,960.52,968.37,976.09,973.33,1162606.0,973.33,1.0,0.0,GOOG
2017-10-26,972.2,980.0,987.6,972.56,1660850.0,972.56,1.0,0.0,GOOG
2017-10-27,1008.2,1009.19,1048.39,1019.27,5125791.0,1019.27,1.0,0.0,GOOG
2017-10-30,1007.5,1014.0,1024.97,1017.11,2074619.0,1017.11,1.0,0.0,GOOG
2017-10-31,1010.42,1015.22,1024.0,1016.64,1324961.0,1016.64,1.0,0.0,GOOG
2017-11-01,1016.95,1017.21,1029.67,1025.5,1360900.0,1025.5,1.0,0.0,GOOG
2017-11-02,1013.01,1021.76,1028.09,1025.58,1008190.0,1025.58,1.0,0.0,GOOG
2017-11-03,1020.31,1022.11,1032.65,1032.48,1058037.0,1032.48,1.0,0.0,GOOG
2017-11-06,1025.0,1028.99,1034.87,1025.9,1119131.0,1025.9,1.0,0.0,GOOG
2017-11-07,1025.13,1027.27,1033.97,1033.33,1089887.0,1033.33,1.0,0.0,GOOG
2017-11-08,1028.45,1030.52,1043.522,1039.85,1088716.0,1039.85,1.0,0.0,GOOG
2017-11-09,1019.666,1033.99,1033.99,1031.26,1236903.0,1031.26,1.0,0.0,GOOG
2017-11-10,1025.28,1026.46,1030.76,1028.07,719227.0,1028.07,1.0,0.0,GOOG
2017-11-13,1022.57,1023.42,1031.58,1025.75,878969.0,1025.75,1.0,0.0,GOOG
2017-11-14,1014.15,1022.59,1026.81,1026.0,947273.0,1026.0,1.0,0.0,GOOG
2017-11-15,1015.42,1019.21,1024.09,1020.91,859951.0,1020.91,1.0,0.0,GOOG
2017-11-16,1022.52,1022.52,1035.92,1032.5,1129423.0,1032.5,1.0,0.0,GOOG
2017-11-17,1017.75,1034.01,1034.42,1019.09,1350144.0,1019.09,1.0,0.0,GOOG
2017-11-20,1017.5,1020.26,1022.61,1018.38,894844.0,1018.38,1.0,0.0,GOOG
2017-11-21,1022.655,1023.31,1035.11,1034.49,1083715.0,1034.49,1.0,0.0,GOOG
2017-11-22,1031.43,1035.0,1039.706,1035.96,716661.0,1035.96,1.0,0.0,GOOG
2017-11-24,1035.0,1035.87,1043.18,1040.61,536958.0,1040.61,1.0,0.0,GOOG
2017-11-27,1038.44,1040.0,1055.46,1054.21,1284354.0,1054.21,1.0,0.0,GOOG
2017-11-28,1040.0,1055.09,1062.38,1047.41,1341000.0,1047.41,1.0,0.0,GOOG
2017-11-29,1015.65,1042.68,1044.08,1021.66,2438875.0,1021.66,1.0,0.0,GOOG
2017-11-30,1015.0,1022.37,1028.49,1021.41,1722913.0,1021.41,1.0,0.0,GOOG
2017-12-01,1002.02,1015.8,1022.49,1010.17,1908944.0,1010.17,1.0,0.0,GOOG
2017-12-04,995.57,1012.66,1016.1,998.68,1891408.0,998.68,1.0,0.0,GOOG
2017-12-05,988.28,995.94,1020.61,1005.15,2023376.0,1005.15,1.0,0.0,GOOG
2017-12-06,1001.14,1001.5,1024.97,1018.38,1254837.0,1018.38,1.0,0.0,GOOG
2017-12-07,1018.07,1020.43,1034.24,1030.93,1387107.0,1030.93,1.0,0.0,GOOG
2017-12-08,1032.52,1037.49,1042.05,1037.05,1277894.0,1037.05,1.0,0.0,GOOG
2017-12-11,1032.05,1035.5,1043.8,1041.1,1119052.0,1041.1,1.0,0.0,GOOG
2017-12-12,1033.69,1039.63,1050.31,1040.48,1269883.0,1040.48,1.0,0.0,GOOG
2017-12-13,1038.38,1046.12,1046.66,1040.61,1207286.0,1040.61,1.0,0.0,GOOG
2017-12-14,1043.11,1045.0,1058.5,1049.15,1545616.0,1049.15,1.0,0.0,GOOG
2017-12-15,1049.5,1054.61,1067.62,1064.19,3142760.0,1064.19,1.0,0.0,GOOG
2017-12-18,1062.0,1066.08,1078.49,1077.14,1531522.0,1077.14,1.0,0.0,GOOG
2017-12-19,1063.55,1075.2,1076.84,1070.68,1254615.0,1070.68,1.0,0.0,GOOG
2017-12-20,1061.52,1071.78,1073.38,1064.95,1266115.0,1064.95,1.0,0.0,GOOG
2017-12-21,1061.79,1064.95,1069.33,1063.63,974594.0,1063.63,1.0,0.0,GOOG
2017-12-22,1059.44,1061.11,1064.2,1060.12,734566.0,1060.12,1.0,0.0,GOOG
2017-12-26,1050.2,1058.07,1060.12,1056.74,756324.0,1056.74,1.0,0.0,GOOG
2017-12-27,1048.05,1057.39,1058.37,1049.37,1214775.0,1049.37,1.0,0.0,GOOG
2017-12-28,1044.77,1051.6,1054.75,1048.14,829623.0,1048.14,1.0,0.0,GOOG
2017-12-29,1044.9,1046.72,1049.7,1046.4,867943.0,1046.4,1.0,0.0,GOOG
2018-01-02,1045.23,1048.34,1066.94,1065.0,1223114.0,1065.0,1.0,0.0,GOOG
2018-01-03,1063.21,1064.31,1086.29,1082.48,1416093.0,1082.48,1.0,0.0,GOOG
2018-01-04,1084.0,1088.0,1093.57,1086.4,990510.0,1086.4,1.0,0.0,GOOG
2018-01-05,1092.0,1094.0,1104.25,1102.23,1210974.0,1102.23,1.0,0.0,GOOG
2018-01-08,1101.62,1102.23,1111.27,1106.94,1003098.0,1106.94,1.0,0.0,GOOG
2018-01-09,1101.23,1109.4,1110.57,1106.26,897400.0,1106.26,1.0,0.0,GOOG
2018-01-10,1096.11,1097.1,1104.6,1102.61,1038917.0,1102.61,1.0,0.0,GOOG
2018-01-11,1099.59,1106.3,1106.53,1105.52,962696.0,1105.52,1.0,0.0,GOOG
2018-01-12,1101.15,1102.41,1124.29,1122.26,1701377.0,1122.26,1.0,0.0,GOOG
2018-01-16,1117.83,1132.51,1139.91,1121.76,1539230.0,1121.76,1.0,0.0,GOOG
2018-01-17,1117.01,1126.22,1132.6,1131.98,1146089.0,1131.98,1.0,0.0,GOOG
2018-01-18,1117.5,1131.41,1132.51,1129.79,1148920.0,1129.79,1.0,0.0,GOOG
2018-01-19,1128.3,1131.83,1137.86,1137.51,1361390.0,1137.51,1.0,0.0,GOOG
2018-01-22,1135.11,1137.49,1159.88,1155.81,1582504.0,1155.81,1.0,0.0,GOOG
2018-01-23,1158.75,1159.85,1171.63,1169.97,1199326.0,1169.97,1.0,0.0,GOOG
2018-01-24,1161.05,1177.33,1179.86,1164.24,1351237.0,1164.24,1.0,0.0,GOOG
2018-01-25,1162.76,1172.53,1175.94,1170.37,1326436.0,1170.37,1.0,0.0,GOOG
2018-01-26,1158.11,1175.08,1175.84,1175.84,1825680.0,1175.84,1.0,0.0,GOOG
2018-01-29,1171.98,1176.48,1186.89,1175.58,1299218.0,1175.58,1.0,0.0,GOOG
2018-01-30,1163.52,1167.83,1176.52,1163.69,1400132.0,1163.69,1.0,0.0,GOOG
2018-01-31,1159.13,1170.57,1173.0,1169.94,1486793.0,1169.94,1.0,0.0,GOOG
2018-02-01,1157.52,1162.61,1174.0,1167.7,1974700.0,1167.7,1.0,0.0,GOOG
2018-02-02,1107.28,1122.0,1123.07,1111.9,4758496.0,1111.9,1.0,0.0,GOOG
2018-02-05,1052.03,1090.6,1110.0,1055.8,3336352.0,1055.8,1.0,0.0,GOOG
2018-02-06,1023.14,1027.18,1081.71,1080.6,3360727.0,1080.6,1.0,0.0,GOOG
2018-02-07,1048.26,1081.54,1081.78,1048.58,2331374.0,1048.58,1.0,0.0,GOOG
2018-02-08,1000.66,1055.41,1058.62,1001.52,2720942.0,1001.52,1.0,0.0,GOOG
2018-02-09,992.56,1017.25,1043.97,1037.78,3267883.0,1037.78,1.0,0.0,GOOG
2018-02-12,1040.93,1048.0,1061.5,1051.94,2038875.0,1051.94,1.0,0.0,GOOG
2018-02-13,1044.09,1045.0,1058.37,1052.1,1209341.0,1052.1,1.0,0.0,GOOG
2018-02-14,1046.75,1048.95,1071.72,1069.7,1515444.0,1069.7,1.0,0.0,GOOG
2018-02-15,1064.34,1079.07,1091.48,1089.52,1777694.0,1089.52,1.0,0.0,GOOG
2018-02-16,1088.31,1088.41,1104.67,1094.8,1664969.0,1094.8,1.0,0.0,GOOG
2018-02-20,1088.52,1090.57,1113.95,1102.46,1381603.0,1102.46,1.0,0.0,GOOG
2018-02-21,1106.33,1106.47,1133.97,1111.34,1493162.0,1111.34,1.0,0.0,GOOG
2018-02-22,1102.59,1116.19,1122.82,1106.63,1306276.0,1106.63,1.0,0.0,GOOG
2018-02-23,1104.71,1112.64,1127.28,1126.79,1158377.0,1126.79,1.0,0.0,GOOG
2018-02-26,1126.69,1127.8,1143.96,1143.75,1492380.0,1143.75,1.0,0.0,GOOG
2018-02-27,1118.0,1141.24,1144.04,1118.29,1741578.0,1118.29,1.0,0.0,GOOG
2018-02-28,1103.24,1123.03,1127.53,1104.73,1858051.0,1104.73,1.0,0.0,GOOG
2018-03-01,1067.0,1107.87,1110.12,1069.52,2515910.0,1069.52,1.0,0.0,GOOG
2018-03-02,1048.12,1053.08,1082.0,1078.92,2271551.0,1078.92,1.0,0.0,GOOG
2018-03-05,1069.0,1075.14,1097.1,1090.93,1202174.0,1090.93,1.0,0.0,GOOG
2018-03-06,1089.78,1099.22,1101.85,1095.06,1532783.0,1095.06,1.0,0.0,GOOG
2018-03-07,1085.48,1089.19,1112.22,1109.64,1292537.0,1109.64,1.0,0.0,GOOG
2018-03-08,1112.8,1115.32,1127.6,1126.0,1240299.0,1126.0,1.0,0.0,GOOG
2018-03-09,1132.46,1136.0,1160.8,1160.04,2074952.0,1160.04,1.0,0.0,GOOG
2018-03-12,1157.42,1163.85,1177.05,1164.5,2076306.0,1164.5,1.0,0.0,GOOG
2018-03-13,1133.33,1170.0,1176.76,1138.17,1808098.0,1138.17,1.0,0.0,GOOG
2018-03-14,1141.44,1145.21,1158.59,1149.49,1192615.0,1149.49,1.0,0.0,GOOG
2018-03-15,1134.54,1149.96,1161.08,1149.58,1392521.0,1149.58,1.0,0.0,GOOG
2018-03-16,1131.96,1154.14,1155.88,1135.73,2560277.0,1135.73,1.0,0.0,GOOG
2018-03-19,1089.01,1120.01,1121.99,1099.82,2339506.0,1099.82,1.0,0.0,GOOG
2018-03-20,1083.46,1099.0,1105.2,1097.71,1783872.0,1097.71,1.0,0.0,GOOG
2018-03-21,1085.15,1092.74,1106.3,1090.88,1640709.0,1090.88,1.0,0.0,GOOG
2018-03-22,1045.91,1081.88,1082.9,1049.08,2580374.0,1049.08,1.0,0.0,GOOG
2018-03-23,1021.22,1047.03,1063.36,1021.57,2113497.0,1021.57,1.0,0.0,GOOG
2018-03-26,1008.4,1046.0,1055.63,1053.21,2558385.0,1053.21,1.0,0.0,GOOG
2018-03-27,996.92,1063.0,1064.84,1005.1,3029471.0,1005.1,1.0,0.0,GOOG
2018-03-28,980.64,998.0,1024.23,1004.56,3369275.0,1004.56,1.0,0.0,GOOG
2018-03-29,1002.9,1011.63,1043.0,1031.79,2726830.0,1031.79,1.0,0.0,GOOG
2018-04-02,990.37,1022.82,1034.8,1006.47,2680400.0,1006.47,1.0,0.0,GOOG
2018-04-03,994.07,1013.91,1020.99,1013.41,2275076.0,1013.41,1.0,0.0,GOOG
2018-04-04,993.0,993.41,1028.72,1025.14,2484651.0,1025.14,1.0,0.0,GOOG
2018-04-05,1020.13,1041.33,1042.79,1027.81,1363049.0,1027.81,1.0,0.0,GOOG
2018-04-06,1003.03,1020.0,1031.42,1007.04,1746430.0,1007.04,1.0,0.0,GOOG
2018-04-09,1014.08,1016.8,1039.6,1015.45,1751559.0,1015.45,1.0,0.0,GOOG
2018-04-10,1011.34,1026.44,1036.28,1031.64,2029648.0,1031.64,1.0,0.0,GOOG
2018-04-11,1015.87,1027.99,1031.36,1019.97,1483881.0,1019.97,1.0,0.0,GOOG
2018-04-12,1021.43,1025.04,1040.69,1032.51,1359389.0,1032.51,1.0,0.0,GOOG
2018-04-13,1022.98,1040.88,1046.42,1029.27,1223017.0,1029.27,1.0,0.0,GOOG
2018-04-16,1026.74,1037.0,1043.24,1037.98,1211208.0,1037.98,1.0,0.0,GOOG
2018-04-17,1048.26,1051.37,1077.88,1074.16,2320266.0,1074.16,1.0,0.0,GOOG
2018-04-18,1066.22,1077.43,1077.43,1072.08,1344138.0,1072.08,1.0,0.0,GOOG
2018-04-19,1068.18,1069.4,1094.16,1087.7,1747671.0,1087.7,1.0,0.0,GOOG
2018-04-20,1069.57,1082.0,1092.35,1072.96,1889686.0,1072.96,1.0,0.0,GOOG
2018-04-23,1060.7,1077.86,1082.72,1067.45,2341258.0,1067.45,1.0,0.0,GOOG
2018-04-24,1010.59,1052.0,1057.0,1019.98,4760260.0,1019.98,1.0,0.0,GOOG
2018-04-25,1015.31,1025.52,1032.49,1021.18,2391105.0,1021.18,1.0,0.0,GOOG
2018-04-26,1018.19,1029.51,1047.98,1040.04,2079533.0,1040.04,1.0,0.0,GOOG
2018-04-27,1025.59,1046.0,1049.5,1030.05,1619796.0,1030.05,1.0,0.0,GOOG
2018-04-30,1016.85,1030.01,1037.0,1017.33,1671254.0,1017.33,1.0,0.0,GOOG
2018-05-01,1008.21,1013.66,1038.47,1037.31,1427857.0,1037.31,1.0,0.0,GOOG
2018-05-02,1022.87,1028.1,1040.39,1024.38,1603081.0,1024.38,1.0,0.0,GOOG
2018-05-03,1006.29,1019.0,1029.67,1023.72,1815058.0,1023.72,1.0,0.0,GOOG
2018-05-04,1016.9,1016.9,1048.51,1048.21,1938658.0,1048.21,1.0,0.0,GOOG
2018-05-07,1047.1,1049.23,1061.68,1054.79,1466065.0,1054.79,1.0,0.0,GOOG
2018-05-08,1047.14,1058.54,1060.55,1053.91,1217721.0,1053.91,1.0,0.0,GOOG
2018-05-09,1056.37,1058.1,1085.44,1082.76,2032818.0,1082.76,1.0,0.0,GOOG
2018-05-10,1085.64,1086.03,1100.44,1097.57,1443025.0,1097.57,1.0,0.0,GOOG
2018-05-11,1090.91,1093.6,1101.33,1098.26,1253665.0,1098.26,1.0,0.0,GOOG
2018-05-14,1099.11,1100.0,1110.75,1100.2,1518077.0,1100.2,1.0,0.0,GOOG
2018-05-15,1073.47,1090.0,1090.05,1079.23,1494872.0,1079.23,1.0,0.0,GOOG
2018-05-16,1076.26,1077.31,1089.27,1081.77,1097317.0,1081.77,1.0,0.0,GOOG
2018-05-17,1073.5,1079.89,1086.87,1078.59,1043766.0,1078.59,1.0,0.0,GOOG
2018-05-18,1060.68,1061.86,1069.94,1066.36,1565240.0,1066.36,1.0,0.0,GOOG
2018-05-21,1073.65,1074.06,1088.0,1079.58,1023211.0,1079.58,1.0,0.0,GOOG
2018-05-22,1066.69,1083.56,1086.59,1069.73,1090002.0,1069.73,1.0,0.0,GOOG
2018-05-23,1061.71,1065.13,1080.78,1079.69,1060683.0,1079.69,1.0,0.0,GOOG
2018-05-24,1066.15,1079.0,1080.47,1079.24,766773.0,1079.24,1.0,0.0,GOOG
2018-05-25,1073.78,1079.02,1082.56,1075.66,899406.0,1075.66,1.0,0.0,GOOG
2018-05-29,1055.22,1064.89,1073.37,1060.32,1865139.0,1060.32,1.0,0.0,GOOG
2018-05-30,1056.83,1063.03,1069.21,1067.8,1138457.0,1067.8,1.0,0.0,GOOG
2018-05-31,1067.56,1067.56,1097.19,1084.99,3088305.0,1084.99,1.0,0.0,GOOG
2018-06-01,1098.5,1099.35,1120.0,1119.5,2421598.0,1119.5,1.0,0.0,GOOG
2018-06-04,1122.01,1122.33,1141.89,1139.29,1889579.0,1139.29,1.0,0.0,GOOG
2018-06-05,1133.19,1140.99,1145.74,1139.66,1677973.0,1139.66,1.0,0.0,GOOG
2018-06-06,1125.74,1142.17,1143.0,1136.88,1698247.0,1136.88,1.0,0.0,GOOG
2018-06-07,1116.52,1131.32,1135.82,1123.86,1520020.0,1123.86,1.0,0.0,GOOG
2018-06-08,1112.15,1118.18,1126.67,1120.87,1290845.0,1120.87,1.0,0.0,GOOG
2018-06-11,1118.6,1118.6,1137.26,1129.99,1079294.0,1129.99,1.0,0.0,GOOG
2018-06-12,1130.73,1131.07,1139.79,1139.32,912018.0,1139.32,1.0,0.0,GOOG
2018-06-13,1133.38,1141.12,1146.5,1134.79,1506407.0,1134.79,1.0,0.0,GOOG
2018-06-14,1140.64,1143.85,1155.47,1152.12,1350868.0,1152.12,1.0,0.0,GOOG
2018-06-15,1143.48,1148.86,1153.42,1152.26,2122476.0,1152.26,1.0,0.0,GOOG
2018-06-18,1143.59,1143.65,1174.31,1173.46,1413692.0,1173.46,1.0,0.0,GOOG
2018-06-19,1154.01,1158.5,1171.27,1168.06,1621018.0,1168.06,1.0,0.0,GOOG
2018-06-20,1169.16,1175.31,1186.29,1169.84,1648536.0,1169.84,1.0,0.0,GOOG
2018-06-21,1152.23,1174.85,1177.3,1157.66,1238118.0,1157.66,1.0,0.0,GOOG
2018-06-22,1147.26,1159.14,1162.5,1155.48,1310967.0,1155.48,1.0,0.0,GOOG
2018-06-25,1112.78,1143.6,1143.91,1124.81,2157310.0,1124.81,1.0,0.0,GOOG
2018-06-26,1116.66,1128.0,1133.21,1118.46,1563225.0,1118.46,1.0,0.0,GOOG
2018-06-27,1103.62,1121.34,1131.84,1103.98,1293892.0,1103.98,1.0,0.0,GOOG
2018-06-28,1096.01,1102.09,1122.31,1114.22,1072438.0,1114.22,1.0,0.0,GOOG
2018-06-29,1115.0,1120.0,1128.23,1115.65,1315121.0,1115.65,1.0,0.0,GOOG
2018-07-02,1093.8,1099.0,1128.0,1127.46,1217311.0,1127.46,1.0,0.0,GOOG
2018-07-03,1100.02,1135.82,1135.82,1102.89,679034.0,1102.89,1.0,0.0,GOOG
2018-07-05,1108.48,1110.53,1127.5,1124.27,1066685.0,1124.27,1.0,0.0,GOOG
2018-07-06,1120.74,1123.58,1140.93,1140.17,996079.0,1140.17,1.0,0.0,GOOG
2018-07-09,1143.42,1148.48,1154.67,1154.05,908969.0,1154.05,1.0,0.0,GOOG
2018-07-10,1149.59,1156.98,1159.59,1152.84,798412.0,1152.84,1.0,0.0,GOOG
2018-07-11,1141.0,1144.59,1164.29,1153.9,1119993.0,1153.9,1.0,0.0,GOOG
2018-07-12,1155.93,1159.89,1184.41,1183.48,1251884.0,1183.48,1.0,0.0,GOOG
2018-07-13,1180.0,1185.0,1195.42,1188.82,1222072.0,1188.82,1.0,0.0,GOOG
2018-07-16,1179.28,1189.39,1191.0,1183.86,1055662.0,1183.86,1.0,0.0,GOOG
2018-07-17,1170.6,1172.22,1203.04,1198.8,1610353.0,1198.8,1.0,0.0,GOOG
2018-07-18,1190.34,1196.56,1204.5,1195.88,1393606.0,1195.88,1.0,0.0,GOOG
2018-07-19,1183.32,1191.0,1200.0,1186.96,1276667.0,1186.96,1.0,0.0,GOOG
2018-07-20,1184.22,1186.96,1196.86,1184.91,1248400.0,1184.91,1.0,0.0,GOOG
2018-07-23,1181.0,1181.01,1206.49,1205.5,2619234.0,1205.5,1.0,0.0,GOOG
2018-07-24,1235.56,1262.59,1266.0,1248.08,3318204.0,1248.08,1.0,0.0,GOOG
2018-07-25,1239.13,1239.13,1265.86,1263.7,2139999.0,1263.7,1.0,0.0,GOOG
2018-07-26,1249.02,1251.0,1269.77,1268.33,2405638.0,1268.33,1.0,0.0,GOOG
2018-07-27,1231.0,1271.0,1273.89,1238.5,2130558.0,1238.5,1.0,0.0,GOOG
2018-07-30,1211.47,1228.01,1234.92,1219.74,1849904.0,1219.74,1.0,0.0,GOOG
2018-07-31,1205.6,1220.01,1227.59,1217.26,1644722.0,1217.26,1.0,0.0,GOOG
2018-08-01,1210.21,1228.0,1233.47,1220.01,1567264.0,1220.01,1.0,0.0,GOOG
2018-08-02,1204.79,1205.9,1229.88,1226.15,1531299.0,1226.15,1.0,0.0,GOOG
2018-08-03,1215.06,1229.62,1230.0,1223.71,1089896.0,1223.71,1.0,0.0,GOOG
2018-08-06,1215.8,1225.0,1226.09,1224.77,1081723.0,1224.77,1.0,0.0,GOOG
2018-08-07,1236.17,1237.0,1251.17,1242.22,1493980.0,1242.22,1.0,0.0,GOOG
2018-08-08,1238.01,1240.47,1256.5,1245.61,1370913.0,1245.61,1.0,0.0,GOOG
2018-08-09,1246.01,1249.9,1255.54,1249.1,848601.0,1249.1,1.0,0.0,GOOG
2018-08-10,1232.0,1243.0,1245.69,1237.61,1108919.0,1237.61,1.0,0.0,GOOG
2018-08-13,1233.64,1236.98,1249.27,1235.01,997346.0,1235.01,1.0,0.0,GOOG
2018-08-14,1225.11,1235.19,1245.87,1242.1,1348194.0,1242.1,1.0,0.0,GOOG
2018-08-15,1209.51,1229.26,1235.24,1214.38,1828814.0,1214.38,1.0,0.0,GOOG
2018-08-16,1202.55,1224.73,1226.0,1206.49,1343161.0,1206.49,1.0,0.0,GOOG
2018-08-17,1188.24,1202.03,1209.02,1200.96,1389645.0,1200.96,1.0,0.0,GOOG
2018-08-20,1194.63,1205.02,1211.0,1207.77,870772.0,1207.77,1.0,0.0,GOOG
2018-08-21,1200.35,1208.0,1217.26,1201.62,1205580.0,1201.62,1.0,0.0,GOOG
2018-08-22,1199.0,1200.0,1211.84,1207.33,887389.0,1207.33,1.0,0.0,GOOG
2018-08-23,1204.24,1207.14,1221.28,1205.38,992604.0,1205.38,1.0,0.0,GOOG
2018-08-24,1206.36,1208.82,1221.65,1220.65,946840.0,1220.65,1.0,0.0,GOOG
2018-08-27,1225.72,1227.6,1243.09,1241.82,1156255.0,1241.82,1.0,0.0,GOOG
2018-08-28,1228.69,1241.29,1242.55,1231.15,1304007.0,1231.15,1.0,0.0,GOOG
2018-08-29,1236.36,1237.45,1250.66,1249.3,1309312.0,1249.3,1.0,0.0,GOOG
2018-08-30,1232.59,1244.23,1253.63,1239.12,1331439.0,1239.12,1.0,0.0,GOOG
2018-08-31,1211.29,1234.98,1238.66,1218.19,1816426.0,1218.19,1.0,0.0,GOOG
2018-09-04,1192.5,1204.27,1212.99,1197.0,1831045.0,1197.0,1.0,0.0,GOOG
2018-09-05,1162.0,1193.8,1199.01,1186.48,2061309.0,1186.48,1.0,0.0,GOOG
2018-09-06,1152.0,1186.3,1186.3,1171.44,1888467.0,1171.44,1.0,0.0,GOOG
2018-09-07,1157.21,1158.67,1175.26,1164.83,1401404.0,1164.83,1.0,0.0,GOOG
2018-09-10,1160.11,1172.19,1174.54,1164.64,1115796.0,1164.64,1.0,0.0,GOOG
2018-09-11,1156.24,1161.63,1178.68,1177.36,1209565.0,1177.36,1.0,0.0,GOOG
2018-09-12,1158.36,1172.72,1178.61,1162.82,1295472.0,1162.82,1.0,0.0,GOOG
2018-09-13,1162.85,1170.74,1178.61,1175.33,1431214.0,1175.33,1.0,0.0,GOOG
2018-09-14,1168.33,1179.1,1180.42,1172.53,943978.0,1172.53,1.0,0.0,GOOG
2018-09-17,1154.03,1170.14,1177.24,1156.05,1306522.0,1156.05,1.0,0.0,GOOG
2018-09-18,1157.09,1157.09,1176.08,1161.22,1203686.0,1161.22,1.0,0.0,GOOG
2018-09-19,1154.58,1164.98,1173.21,1171.09,1191386.0,1171.09,1.0,0.0,GOOG
2018-09-20,1173.36,1179.99,1189.89,1186.87,1225387.0,1186.87,1.0,0.0,GOOG
2018-09-21,1166.04,1192.0,1192.21,1166.09,4405584.0,1166.09,1.0,0.0,GOOG
2018-09-24,1146.91,1157.17,1178.0,1173.37,1271017.0,1173.37,1.0,0.0,GOOG
2018-09-25,1168.0,1176.15,1186.88,1184.65,977731.0,1184.65,1.0,0.0,GOOG
2018-09-26,1174.77,1185.15,1194.23,1180.49,1462253.0,1180.49,1.0,0.0,GOOG
2018-09-27,1183.63,1186.73,1202.1,1194.64,1260754.0,1194.64,1.0,0.0,GOOG
2018-09-28,1184.5,1191.87,1195.41,1193.47,1380629.0,1193.47,1.0,0.0,GOOG
2018-10-01,1190.3,1199.89,1209.9,1195.31,1357604.0,1195.31,1.0,0.0,GOOG
2018-10-02,1186.63,1190.96,1209.96,1200.11,1687914.0,1200.11,1.0,0.0,GOOG
2018-10-03,1193.83,1205.0,1206.41,1202.95,1256214.0,1202.95,1.0,0.0,GOOG
2018-10-04,1155.58,1195.33,1197.51,1168.19,2209490.0,1168.19,1.0,0.0,GOOG
2018-10-05,1145.12,1167.5,1173.5,1157.35,1184452.0,1157.35,1.0,0.0,GOOG
2018-10-08,1127.36,1150.11,1168.0,1148.97,1932355.0,1148.97,1.0,0.0,GOOG
2018-10-09,1137.57,1146.15,1154.35,1138.82,1308764.0,1138.82,1.0,0.0,GOOG
2018-10-10,1081.13,1131.08,1132.17,1081.22,2675742.0,1081.22,1.0,0.0,GOOG
2018-10-11,1068.27,1072.94,1106.4,1079.32,2950120.0,1079.32,1.0,0.0,GOOG
2018-10-12,1086.4,1108.0,1115.0,1110.08,2101303.0,1110.08,1.0,0.0,GOOG
2018-10-15,1089.0,1108.91,1113.45,1092.25,1372393.0,1092.25,1.0,0.0,GOOG
2018-10-16,1102.5,1104.59,1124.22,1121.28,1928540.0,1121.28,1.0,0.0,GOOG
2018-10-17,1102.19,1126.46,1128.99,1115.69,1467226.0,1115.69,1.0,0.0,GOOG
2018-10-18,1077.09,1121.84,1121.84,1087.97,2094524.0,1087.97,1.0,0.0,GOOG
2018-10-19,1087.75,1093.37,1110.36,1096.46,1267649.0,1096.46,1.0,0.0,GOOG
2018-10-22,1091.0,1103.06,1112.23,1101.16,1514220.0,1101.16,1.0,0.0,GOOG
2018-10-23,1070.0,1080.89,1107.89,1103.69,1848654.0,1103.69,1.0,0.0,GOOG
2018-10-24,1048.74,1104.25,1106.12,1050.71,1982430.0,1050.71,1.0,0.0,GOOG
2018-10-25,1069.55,1071.79,1110.98,1095.57,2545839.0,1095.57,1.0,0.0,GOOG
2018-10-26,1034.09,1037.03,1106.53,1071.47,4187586.0,1071.47,1.0,0.0,GOOG
2018-10-29,995.83,1082.47,1097.04,1020.08,3880723.0,1020.08,1.0,0.0,GOOG
2018-10-30,1000.75,1008.46,1037.49,1036.21,3212657.0,1036.21,1.0,0.0,GOOG
2018-10-31,1057.0,1059.81,1091.94,1076.77,2529768.0,1076.77,1.0,0.0,GOOG
2018-11-01,1062.46,1075.8,1083.97,1070.0,1481979.0,1070.0,1.0,0.0,GOOG
2018-11-02,1054.61,1073.73,1082.97,1057.79,1839043.0,1057.79,1.0,0.0,GOOG
2018-11-05,1021.24,1055.0,1058.47,1040.09,2441430.0,1040.09,1.0,0.0,GOOG
2018-11-06,1038.07,1039.48,1064.35,1055.81,1233306.0,1055.81,1.0,0.0,GOOG
2018-11-07,1065.9,1069.0,1095.46,1093.39,2058356.0,1093.39,1.0,0.0,GOOG
2018-11-08,1072.2,1091.38,1093.27,1082.4,1488182.0,1082.4,1.0,0.0,GOOG
2018-11-09,1053.11,1073.99,1075.56,1066.15,1343313.0,1066.15,1.0,0.0,GOOG
2018-11-12,1031.0,1061.39,1062.12,1038.63,1471758.0,1038.63,1.0,0.0,GOOG
2018-11-13,1031.15,1043.29,1056.61,1036.05,1513702.0,1036.05,1.0,0.0,GOOG
2018-11-14,1031.0,1050.0,1054.56,1043.66,1565945.0,1043.66,1.0,0.0,GOOG
2018-11-15,1031.78,1044.71,1071.85,1064.71,1836084.0,1064.71,1.0,0.0,GOOG
2018-11-16,1048.98,1059.41,1067.0,1061.49,1658116.0,1061.49,1.0,0.0,GOOG
2018-11-19,1016.26,1057.2,1060.79,1020.0,1858614.0,1020.0,1.0,0.0,GOOG
2018-11-20,996.02,1000.0,1031.74,1025.76,2449130.0,1025.76,1.0,0.0,GOOG
2018-11-21,1033.47,1036.76,1048.56,1037.61,1534274.0,1037.61,1.0,0.0,GOOG
2018-11-23,1022.4,1030.0,1037.59,1023.88,691462.0,1023.88,1.0,0.0,GOOG
2018-11-26,1033.91,1038.35,1049.31,1048.62,1942822.0,1048.62,1.0,0.0,GOOG
2018-11-27,1038.49,1041.0,1057.58,1044.41,1803164.0,1044.41,1.0,0.0,GOOG
2018-11-28,1035.76,1048.76,1086.84,1086.23,2475419.0,1086.23,1.0,0.0,GOOG
2018-11-29,1076.0,1076.08,1094.24,1088.3,1468859.0,1088.3,1.0,0.0,GOOG
2018-11-30,1077.88,1089.07,1095.57,1094.43,2580612.0,1094.43,1.0,0.0,GOOG
2018-12-03,1103.66,1123.14,1124.65,1106.43,1990758.0,1106.43,1.0,0.0,GOOG
2018-12-04,1049.98,1103.12,1104.42,1050.82,2345166.0,1050.82,1.0,0.0,GOOG
2018-12-06,1030.77,1034.26,1071.2,1068.73,2769225.0,1068.73,1.0,0.0,GOOG
2018-12-07,1028.5,1060.01,1075.26,1036.58,2101206.0,1036.58,1.0,0.0,GOOG
2018-12-10,1023.29,1035.05,1048.45,1039.55,1807725.0,1039.55,1.0,0.0,GOOG
2018-12-11,1039.84,1056.49,1060.6,1051.75,1394731.0,1051.75,1.0,0.0,GOOG
2018-12-12,1062.79,1068.0,1081.65,1063.68,1523804.0,1063.68,1.0,0.0,GOOG
2018-12-13,1053.93,1068.07,1079.76,1061.9,1329768.0,1061.9,1.0,0.0,GOOG
2018-12-14,1040.79,1049.98,1062.6,1042.1,1686619.0,1042.1,1.0,0.0,GOOG
2018-12-17,1007.9,1037.51,1053.15,1016.53,2385364.0,1016.53,1.0,0.0,GOOG
2018-12-18,1021.44,1026.09,1049.48,1028.71,2192533.0,1028.71,1.0,0.0,GOOG
2018-12-19,1008.05,1033.99,1062.0,1023.01,2479338.0,1023.01,1.0,0.0,GOOG
2018-12-20,996.36,1018.13,1034.22,1009.41,2673464.0,1009.41,1.0,0.0,GOOG
2018-12-21,973.69,1015.3,1024.02,979.54,4595891.0,979.54,1.0,0.0,GOOG
2018-12-24,970.11,973.9,1003.54,976.22,1590328.0,976.22,1.0,0.0,GOOG
2018-12-26,983.0,989.01,1040.0,1039.46,2373270.0,1039.46,1.0,0.0,GOOG
2018-12-27,997.0,1017.15,1043.89,1043.88,2109777.0,1043.88,1.0,0.0,GOOG
2018-12-28,1033.1,1049.62,1055.56,1037.08,1413772.0,1037.08,1.0,0.0,GOOG
2018-12-31,1023.59,1050.96,1052.7,1035.61,1492430.0,1035.61,1.0,0.0,GOOG
2019-01-02,1015.92,1016.57,1052.13,1045.85,1531189.0,1045.85,1.0,0.0,GOOG
